school,proportional_annual_budget,annual_food_cost,remaining_annual_balance
aldrin elementary,"$180,724.36","$182,776.00","$-2,051.64"
annandale high,"$1,003,114.05","$930,610.00","$72,504.05"
annandale terrace elementary,"$364,556.95","$321,092.00","$43,464.95"
armstrong elementary,"$109,580.73","$110,445.00",$-864.27
baileys lower elementary,"$488,996.78","$442,303.00","$46,693.78"
baileys upper elementary,"$437,007.19","$443,576.00","$-6,568.81"
beech tree elementary,"$271,643.15","$268,650.00","$2,993.15"
belle view elementary,"$139,414.73","$145,202.00","$-5,787.27"
belvedere elementary,"$281,759.75","$284,025.00","$-2,265.25"
bonnie brae elementary,"$362,181.38","$373,874.00","$-11,692.62"
braddock elementary,"$579,226.27","$518,217.00","$61,009.27"
bren mar park elementary,"$339,898.22","$327,266.00","$12,632.22"
brookfield elementary,"$356,007.09","$342,471.00","$13,536.09"
bucknell elementary,"$199,684.81","$175,795.00","$23,889.81"
bull run elementary,"$261,724.24","$261,879.00",$-154.76
bush hill elementary,"$199,540.47","$201,420.00","$-1,879.53"
camelot elementary,"$243,187.60","$236,498.00","$6,689.60"
cameron elementary,"$336,183.53","$308,602.00","$27,581.53"
canterbury woods elementary,"$150,745.91","$162,343.00","$-11,597.09"
cardinal forest elementary,"$229,451.54","$232,329.00","$-2,877.46"
carson middle,"$389,432.23","$428,269.00","$-38,836.77"
centre ridge elementary,"$320,644.87","$298,573.00","$22,071.87"
centreville elementary,"$262,741.18","$261,580.00","$1,161.18"
centreville high,"$444,743.16","$486,934.00","$-42,190.84"
chantilly hs,"$533,377.60","$589,863.00","$-56,485.40"
cherry run elementary,"$98,066.54","$106,252.00","$-8,185.46"
chesterbrook elementary,"$85,544.93","$90,523.00","$-4,978.07"
churchill road elementary,"$166,781.04","$177,026.00","$-10,244.96"
clearview elementary,"$333,667.81","$323,599.00","$10,068.81"
clermont elementary,"$130,421.12","$130,892.00",$-470.88
coates elementary,"$622,830.49","$600,924.00","$21,906.49"
colin powell elementary,"$237,457.29","$262,930.00","$-25,472.71"
columbia elementary,"$130,951.25","$128,145.00","$2,806.25"
colvin run elementary,"$136,841.12","$154,054.00","$-17,212.88"
cooper middle,"$297,057.92","$343,548.00","$-46,490.08"
crestwood elementary,"$373,709.74","$348,319.00","$25,390.74"
crossfield elementary,"$203,945.87","$226,129.00","$-22,183.13"
cub run elementary,"$177,586.85","$191,821.00","$-14,234.15"
cunningham park elementary,"$140,137.68","$145,309.00","$-5,171.32"
daniels run elementary,"$253,675.39","$259,741.00","$-6,065.61"
deer park elementary,"$203,883.08","$211,967.00","$-8,083.92"
dogwood elementary,"$483,333.58","$431,718.00","$51,615.58"
dranesville elementary,"$235,061.62","$232,408.00","$2,653.62"
eagle view elementary,"$192,985.57","$184,173.00","$8,812.57"
edison high,"$472,963.95","$539,714.00","$-66,750.05"
fairfax high,"$491,966.58","$532,606.00","$-40,639.42"
fairfax villa elementary,"$196,345.07","$204,535.00","$-8,189.93"
fairhill elementary,"$172,603.19","$177,870.00","$-5,266.81"
fairview elementary,"$169,427.01","$175,291.00","$-5,863.99"
falls church hs,"$790,410.84","$701,392.00","$89,018.84"
flint hill elementary,"$118,159.90","$128,641.00","$-10,481.10"
floris elementary,"$156,153.56","$162,802.00","$-6,648.44"
forest edge elementary,"$266,186.97","$235,227.00","$30,959.97"
forestdale elementary,"$278,029.00","$249,568.00","$28,461.00"
forestville elementary,"$130,599.56","$142,356.00","$-11,756.44"
fort belvoir primary elementary,"$329,763.74","$307,588.00","$22,175.74"
fort belvoir upper elementary,"$237,317.19","$229,177.00","$8,140.19"
fort hunt elementary,"$128,941.49","$131,203.00","$-2,261.51"
fox mill elementary,"$136,084.37","$146,786.00","$-10,701.63"
franconia elementary,"$137,318.18","$144,992.00","$-7,673.82"
franklin middle,"$260,124.38","$289,417.00","$-29,292.62"
franklin sherman elementary,"$54,559.02","$55,168.00",$-608.98
freedom hill elementary,"$169,759.55","$173,272.00","$-3,512.45"
frost middle,"$389,461.27","$440,119.00","$-50,657.73"
garfield elementary,"$178,507.19","$170,172.00","$8,335.19"
glasgow middle,"$604,293.89","$579,349.00","$24,944.89"
glen forest elementary,"$441,595.15","$408,423.00","$33,172.15"
graham road elementary,"$268,018.65","$256,188.00","$11,830.65"
great falls elementary,"$129,139.18","$140,333.00","$-11,193.82"
greenbriar east elementary,"$263,661.74","$262,101.00","$1,560.74"
greenbriar west elementary,"$182,613.73","$189,906.00","$-7,292.27"
groveton elementary,"$446,225.78","$423,187.00","$23,038.78"
gunston elementary,"$176,492.49","$161,258.00","$15,234.49"
halley elementary,"$219,686.65","$204,167.00","$15,519.65"
haycock elementary,"$128,488.43","$130,346.00","$-1,857.57"
hayfield elementary,"$145,188.74","$151,235.00","$-6,046.26"
hayfield ss,"$1,057,135.09","$1,170,553.00","$-113,417.91"
herndon elementary,"$378,240.25","$351,992.00","$26,248.25"
herndon hs,"$660,396.17","$732,968.00","$-72,571.83"
herndon middle,"$431,054.81","$433,009.00","$-1,954.19"
hollin meadows elementary,"$357,727.46","$316,676.00","$41,051.46"
holmes middle,"$592,889.98","$517,325.00","$75,564.98"
hughes middle,"$510,382.89","$574,831.00","$-64,448.11"
hunt valley elementary,"$202,798.67","$213,250.00","$-10,451.33"
hunters woods elementary,"$187,255.11","$195,568.00","$-8,312.89"
hutchison elementary,"$466,489.02","$444,457.00","$22,032.02"
hybla valley elementary,"$493,681.54","$448,109.00","$45,572.54"
irving middle,"$391,500.05","$446,955.00","$-55,454.95"
island creek elementary,"$161,081.75","$172,593.00","$-11,511.25"
jefferson high,"$202,167.26","$209,819.00","$-7,651.74"
johnson middle,"$533,999.26","$581,425.00","$-47,425.74"
justice high,"$661,696.90","$674,744.00","$-13,047.10"
keene mill elementary,"$311,579.48","$338,520.00","$-26,940.52"
kent gardens elementary,"$200,769.64","$218,051.00","$-17,281.36"
key middle,"$425,772.81","$467,247.00","$-41,474.19"
kilmer middle,"$359,752.51","$397,900.00","$-38,147.49"
kings glen elementary,"$122,083.11","$130,313.00","$-8,229.89"
kings park elementary,"$305,554.52","$298,329.00","$7,225.52"
lake anne elementary,"$226,665.72","$226,496.00",$169.72
lake braddock secondary,"$874,371.94","$980,068.00","$-105,696.06"
lane elementary,"$226,068.11","$228,652.00","$-2,583.89"
langley high,"$303,795.76","$340,380.00","$-36,584.24"
laurel hill elementary,"$221,205.03","$223,752.00","$-2,546.97"
laurel ridge elementary,"$221,397.88","$230,737.00","$-9,339.12"
lees corner elementary,"$117,861.06","$127,200.00","$-9,338.94"
lemon road elementary,"$173,928.67","$185,011.00","$-11,082.33"
lewis high,"$736,508.61","$780,312.00","$-43,803.39"
liberty middle,"$354,007.53","$402,470.00","$-48,462.47"
little run elementary,"$89,723.58","$91,835.00","$-2,111.42"
london towne elementary,"$362,629.40","$352,597.00","$10,032.40"
longfellow middle,"$375,011.83","$427,862.00","$-52,850.17"
lorton station elementary,"$269,507.77","$241,135.00","$28,372.77"
louise archer elementary,"$181,269.06","$191,379.00","$-10,109.94"
luther jackson middle,"$330,390.80","$359,144.00","$-28,753.20"
lynbrook elementary,"$368,894.89","$347,058.00","$21,836.89"
madison high,"$234,825.83","$270,139.00","$-35,313.17"
mantua elementary,"$194,942.59","$209,028.00","$-14,085.41"
marshall hs,"$558,093.07","$618,390.00","$-60,296.93"
marshall road elementary,"$173,167.04","$172,564.00",$603.04
mason crest elementary,"$354,966.12","$349,420.00","$5,546.12"
mclean high,"$426,196.84","$457,756.00","$-31,559.16"
mcnair elementary,"$218,780.58","$206,656.00","$12,124.58"
mcnair upper elementary,"$151,266.37","$156,056.00","$-4,789.63"
mosaic elementary,"$253,834.52","$268,057.00","$-14,222.48"
mount eagle elementary,"$264,080.85","$241,445.00","$22,635.85"
mt vernon hs,"$711,643.22","$699,913.00","$11,730.22"
mt. vernon woods elementary,"$289,875.95","$273,847.00","$16,028.95"
navy elementary,"$175,745.74","$191,869.00","$-16,123.26"
newington forest elementary,"$166,933.51","$169,280.00","$-2,346.49"
north springfield elementary,"$190,985.52","$195,160.00","$-4,174.48"
oak hill elementary,"$160,100.95","$172,131.00","$-12,030.05"
oak view elementary,"$165,320.65","$173,253.00","$-7,932.35"
oakton elementary,"$180,208.79","$197,001.00","$-16,792.21"
oakton high,"$534,004.08","$581,425.00","$-47,420.92"
olde creek elementary,"$108,038.46","$112,152.00","$-4,113.54"
orange hunt elementary,"$210,837.93","$221,127.00","$-10,289.07"
parklawn elementary,"$616,169.48","$576,178.00","$39,991.48"
pine spring elementary,"$357,486.71","$340,888.00","$16,598.71"
poe middle,"$524,228.52","$449,738.00","$74,490.52"
poplar tree elementary,"$134,204.72","$148,175.00","$-13,970.28"
providence elementary,"$252,990.97","$256,135.00","$-3,144.03"
ravensworth elementary,"$143,795.86","$151,370.00","$-7,574.14"
riverside elementary,"$327,103.27","$306,314.00","$20,789.27"
robinson secondary,"$792,099.71","$904,708.00","$-112,608.29"
rocky run middle,"$219,272.61","$250,710.00","$-31,437.39"
rolling valley elementary,"$117,875.45","$119,372.00","$-1,496.55"
rose hill elementary,"$289,230.19","$280,944.00","$8,286.19"
sandburg middle,"$289,097.38","$318,435.00","$-29,337.62"
sangster elementary,"$250,451.22","$277,630.00","$-27,178.78"
saratoga elementary,"$192,600.03","$187,145.00","$5,455.03"
shrevewood elementary,"$186,344.09","$185,060.00","$1,284.09"
silverbrook elementary,"$193,260.60","$216,506.00","$-23,245.40"
sleepy hollow elementary,"$303,062.69","$290,607.00","$12,455.69"
south county hs,"$604,651.53","$679,931.00","$-75,279.47"
south county middle,"$272,742.43","$309,712.00","$-36,969.57"
south lakes high,"$518,094.29","$570,037.00","$-51,942.71"
spring hill elementary,"$313,208.54","$339,345.00","$-26,136.46"
springfield estates elementary,"$156,384.83","$155,238.00","$1,146.83"
stenwood elementary,"$162,592.77","$177,705.00","$-15,112.23"
stone middle,"$195,578.81","$211,879.00","$-16,300.19"
stratford landing elementary,"$173,065.82","$171,518.00","$1,547.82"
sunrise valley elementary,"$163,547.02","$174,004.00","$-10,456.98"
terra centre elementary,"$165,576.14","$178,438.00","$-12,861.86"
terraset elementary,"$190,204.68","$189,056.00","$1,148.68"
thoreau middle,"$270,872.45","$314,228.00","$-43,355.55"
timber lane elementary,"$261,897.66","$253,255.00","$8,642.66"
twain middle,"$254,162.47","$289,679.00","$-35,516.53"
union mill elementary,"$160,043.15","$175,221.00","$-15,177.85"
vienna elementary,"$71,302.68","$73,211.00","$-1,908.32"
virginia run elementary,"$231,591.40","$225,399.00","$6,192.40"
wakefield forest elementary,"$134,460.16","$148,116.00","$-13,655.84"
waples mill elementary,"$149,536.22","$167,289.00","$-17,752.78"
washington mill elementary,"$293,249.64","$266,325.00","$26,924.64"
waynewood elementary,"$117,687.51","$122,619.00","$-4,931.49"
west potomac high,"$714,918.63","$685,006.00","$29,912.63"
west springfield elementary,"$133,496.22","$147,512.00","$-14,015.78"
west springfield high,"$536,346.62","$601,143.00","$-64,796.38"
westbriar elementary,"$229,517.52","$260,839.00","$-31,321.48"
westfield hs,"$561,538.84","$589,949.00","$-28,410.16"
westgate elementary,"$184,835.55","$185,783.00",$-947.45
westlawn elementary,"$341,817.83","$321,746.00","$20,071.83"
weyanoke elementary,"$373,454.34","$351,907.00","$21,547.34"
white oaks elementary,"$229,422.70","$240,529.00","$-11,106.30"
whitman middle school,"$425,440.04","$445,223.00","$-19,782.96"
willow springs elementary,"$219,498.97","$234,022.00","$-14,523.03"
wolftrap elementary,"$137,115.88","$157,415.00","$-20,299.12"
woodburn elementary,"$264,095.39","$250,104.00","$13,991.39"
woodlawn elementary,"$215,016.47","$211,207.00","$3,809.47"
woodley hills elementary,"$241,601.89","$232,251.00","$9,350.89"
woodson high,"$618,720.23","$693,222.00","$-74,501.77"
