Item Name,Net Consumption,Total Served,Total Discarded
Fat Free Chocolate Milk (Each),950870.65,951196,325.35
Lettuce Blend Salad Mix (1/2 cup),597542.96,604097,6554.04
Ketchup Packet (Packet),567957.46,567996,38.54
Apple Slices (3 slices per 1/4 cup),336407.47,336905,497.53
Ranch Dressing (1 ounce),331911.75,334381,2469.25
PB&J Power Pack (Power Packs),266356.55,266747,390.45
Orange Slices (3 slices per 1/4 cup),251513.98,252105,591.02
Chicken Tenders (3 tenders),231407.12,232043,635.88
1% White Milk (Each),225434.38,227389,1954.62
Manager's Vegetable Choice (1/4 cup),211378.5,213713,2334.5
Banana (Each),206652.92,207260,607.08
Chocolate Chip Cookie (Cookie),199140.04,199661,520.96
Orange (1/4 cup),183748.87,184307,558.13
Cheese Pizza (Slice),181585.04,183468,1882.96
Red Seedless Grapes (16 grapes per 1/2 cup),179534.32,179905,370.68
Mayonnaise Packet (Packet),171960.17,172012,51.83
Red Delicious Apple (Each - serving),171082.84,171249,166.16
Red Seedless Grapes (8 grapes per 1/4 cup),150298.97,150575,276.03
Baby Carrots (3 baby carrots per 1/4 cup),136951.37,137876,924.63
Turkey Pepperoni Pizza (Slice),119994.47,121650,1655.53
Italian Dressing (1 ounce),116474.77,120886,4411.2300000000005
Cucumber Slices (1/4 cup),111773.08,114178,2404.92
Baked Cheese Sticks (2 Cheese Sticks),110894.94,111741,846.06
Chilled Mandarin Oranges (1/2 cup (drained)),98317.89,98698,380.11
Golden Delicious Apple (Each),87798.39,87904,105.61
Spicy Breaded Chicken Patty on Bun (Sandwich),85070.09,85267,196.91
Whole Wheat Dinner Roll (2 rolls),83067.15,83479,411.85
Broccoli Florets (1/4 cup),81880.62,83277,1396.3799999999999
Bottled Water (Bottle),81233.14,81826,592.86
Fat Free White Milk (Each),80773.46,83685,2911.54
Mustard Packet (Packet),80194.89,80270,75.11
Chilled Mandarin Oranges (1/4 cup (drained)),68745.57,68976,230.43
Chocolate Chip Cookie (1/2 Cookie),67927.94,68507,579.06
Cooked  Brown Rice (1/2 cup cooked),67708.49,68317,608.51
Cherry Tomatoes (1/4 cup),67084.9,67996,911.1
Soft Pretzel (1 pretzel),65083.03,74916,9832.97
Strawberry Flavored Dried Cranberries (Each),61586.72,61660,73.28
Cherry Flavored Dried Cranberries (Each),60445.26,60593,147.74
Marinara Sauce (1/2 cup),60444.83,60868,423.17
Watermelon Flavored Dried Cranberries (Each),58514.33,58618,103.67
Chickpeas (1/4 cup),56105.84,65780,9674.16
Cooked  Brown Rice (1 cup cooked),55302.57,57191,1888.43
Cheeseburger (Sandwich),54483.96,54848,364.04
Potato Wedges (7 pieces),51613.68,51671,57.32
Baby Carrots (6 Baby Carrots per 1/2 cup),49076.76,49398,321.24
Chickenless Bites (4 Bites),47373.72,48457,1083.28
Corn (1/4 cup (thawed)),46765.13,47198,432.87
Cheez-Its Crackers (Package),44246.64,44578,331.36
"Apple Slices (3 slices, 1/4 cup)",42352.84,42418,65.16
Nachos with Cheese Sauce (Serving),42124.02,42622,497.98
Doritos Wild White Nacho Flavored Tortilla Chips (Bag),42006.88,42457,450.12
Strawberry & Banana Yogurt Power Pack (Power Packs),41866.6,42112,245.4
Blueberry Bread (1 square),38607.18,38677,69.82000000000001
Whole Wheat Dinner Roll (Each),38136.63,38266,129.37
Apple Juice (Each),37273.58,37500,226.42000000000002
Corn (1/2 cup (cooked)),36377.47,36715,337.53000000000003
Grape Tomatoes (1/4 cup),36079.1,36293,213.9
Gala Apple (Each),35681.21,35794,112.78999999999999
Nachos with Turkey Barbacoa and Cheese Sauce (Serving),35041.36,35870,828.64
Asian Veggie Sub (sandwich),34240.36,35406,1165.64
Orange Chicken (4 Bites w/ 1oz sauce),32599.99,32887,287.01
Celery Sticks (1/2 cup),31588.37,32398,809.63
Beef Meatball Sub Sandwich (Sandwich),31305.79,32279,973.21
Smartfood RF White Cheddar Popcorn (Each),31121.14,31336,214.85999999999999
Chilled Peaches (1/2 cup (drained)),28557.47,28690,132.53
"Peppers, red, pre-sliced (1/2 cup sliced)",28514.97,29542,1027.03
Orange Flavored Dried Cranberries (Each),28322.13,28350,27.87
"Bread, Loco (flatbread)",28007.77,28133,125.23
Chilled Peaches (1/4 cup (drained)),27580.25,27690,109.75
"Salsa, Mild Canned (1.5 oz)",26889.63,28191,1301.37
Chickenless Bites (2 Bites),26543.03,28297,1753.97
Whole Strawberries (1/2 cup thawed),26510.27,26732,221.73
"Bread, Loco (1/2 piece)",26404.03,26676,271.97
Marinara Sauce (1/4 Cup),25766.28,25845,78.72
Roasted Plantains (6 Slices),24435.1,24665,229.9
Raspberry Lemonade Flavored Dried Cranberries (Each),24295.0,24335,40.0
Asian Meatball Sub (sandwich),24143.65,26749,2605.35
Peach Yogurt Power Pack (Power Packs),23975.16,24463,487.84000000000003
"Fruit Snacks, Welch's Mixed (Each)",23956.27,24053,96.73
Cherry Vanilla Yogurt Power Pack (Power Packs),23742.52,24007,264.48
Apple Slices (6 Slices per 1/2 cup),23532.97,23558,25.03
Cheese Quesadilla (Quesadilla),22899.24,23714,814.76
"Frozen Berry, Triple Berry Blend (1/2 cup (thawed))",22623.16,22680,56.84
Lettuce Blend Salad Mix (1 cup),22553.57,22830,276.43
Black Beans (1/4 Cup),22150.17,24976,2825.83
Pasta with Meat Sauce (serving),21294.43,21583,288.57
Grilled Cheese Sandwich (Sandwich),20732.43,22281,1548.57
Orange Tangerine Juice (Each),20431.76,20781,349.24
Steamed Broccoli (1/2 cup),20290.11,20821,530.89
IW Applesauce Cup (Each),20107.93,20174,66.07
Chicken Masala Drumstick (Drumstick),19605.96,20111,505.04
Graham Crackers (Package),19552.72,19686,133.28
Tex Mex Corn (1/2 cup),19469.32,19940,470.68
"Penne Pasta with Marinara and Beef Meatballs (cup cooked pasta, 1/2c sauce, 5 meatballs)",19286.19,19714,427.81
Orange Slices (6 Slices per 1/2 cup),19236.78,19376,139.22
Bean and Cheese Pupusa (Pupusa),19041.88,19732,690.12
Spicy Chicken Wrap (Wrap),18581.3,20685,2103.7
Orange Sauce (ounce),17327.25,19912,2584.75
Cucumber Slices (6 Slices per 1/2 cup),16333.69,16892,558.31
Applesauce (1/2 Cup),16119.19,16175,55.81
"Cheese, Shredded, Cheddar (1/4 cup)",16079.74,16963,883.26
Orange Chickenless Bites (4 bites),16045.79,16545,499.21
Chicken & Vegetable Dumplings (6 dumplings),15988.45,17648,1659.55
Black Beans (1/2 Cup),15924.72,19083,3158.28
Alfredo & Basil Lasagna (Each),15218.19,18920,3701.81
Doritos Flamas (Each),14856.68,14945,88.32
RF Kettle Chips Sea Salt & Vinegar Chips (Each),14715.35,14797,81.65
RF Kettle Chips Jalapeno & Cheddar Chips (Each),14701.21,15014,312.79
"Sauce, Spicy Mayo (tbsp)",13480.14,14345,864.86
Steamed Baby Carrots (1/2 cup),13232.45,13371,138.55
Sour Cream (2 Tablespoons),13077.4,14093,1015.6
Fish Tacos (2 Tacos),12877.64,13925,1047.3600000000001
SS Baked Cheetos Flaming Hot (Each),12543.0,12642,99.0
Orange (6 Slices per 1/2 cup),12511.1,12546,34.9
Potato Wedges (4 pieces),12436.25,12453,16.75
"Sauce, BBQ, HFCS-Free, Bulk, Low-Sodium (2 TBSP)",11531.69,11656,124.31
Orange (Each - serving),10865.17,10869,3.83
"WG 10"" Flour Tortilla (Tortilla)",10701.82,11084,382.18
"Peppers, green, pre-sliced (1/2 cup sliced)",10321.97,11243,921.03
Doritos RF Spicy Sweet Chili (Each),9937.85,9985,47.15
"Quesadilla, Turkey Barbacoa and Cheese (Quesadilla)",9609.14,10353,743.86
Manager's Vegetable Choice (1/2 cup),9534.31,9748,213.69
Kettle Cooked Smoky BBQ Chips (Each),9003.5,9052,48.5
Kellogg’s W/G Rice Krispies Treats (Each),8620.38,8623,2.62
Mandarin Orange Pepper Fruit Salsa (1 TBSP),8540.82,9677,1136.18
Strawberry Chex Mix (Package),8474.54,8609,134.46
Vegetable Dumpling (6 dumplings),8054.42,10906,2851.58
"Patty, Chicken, Breaded, WG (2 strips)",7984.66,8057,72.34
Doritos RF Nacho Cheese (Each),7884.6,7922,37.4
Sub Roll (Sub Roll),7822.18,8421,598.82
Original Flavored Dried Cranberries (Package),7667.5,7668,0.5
BBQ Chicken Drumstick (Drumstick),7357.21,7565,207.79
Roasted Plantains (3 Slices),7265.86,7349,83.14
SS Baked Cheetos Flaming Limon (Each),7220.5,7342,121.50000000000001
Turkey Barbacoa Arepa (1 Arepa + #10 scoop of turkey barbacoa),6877.88,8007,1129.12
"Patty, Chicken, Spicy, Breaded (2 strips)",6843.69,6916,72.31
WG Chocolate Chip Rice Krispy Treats (Each),6829.91,6833,3.09
SS Cheetos Fantastix Flaming Hot (Each),6793.65,6830,36.35
Lay's RF Kettle Original Chips (Each),6522.46,6550,27.54
Broccoli Florets (6 Pieces per 1/2 cup),6516.01,6992,475.99
"Onions, Red, Whole (2 Tablespoons (sliced))",6499.73,7306,806.27
Turkey Pepperoni Pizza (1.37 oz),6351.31,6591,239.69
Cool Ranch Reduced Fat Doritos (Each),6168.6,6189,20.4
Grape Tomatoes (6 Tomatoes per 1/2 cup),6060.28,6078,17.72
Chickpeas (1/2 cup),6012.73,6982,969.27
Corn (2 Tablespoons (thawed)),6006.0,6934,928.0
1% Unflavored Shelf-Stable Milk (Each),5808.57,5830,21.43
Nachos with Taco Meat and Cheese Sauce (Serving Size),5756.84,5825,68.16
Cherry Flavored Dried Cranberries (2 Eaches),5555.05,5560,4.95
Cucumbers (1/2 cup sliced),5295.1,5549,253.9
WG Baked Funyuns (Each),5038.98,5119,80.02000000000001
Assorted  4 oz Yogurt (Container),4994.41,5121,126.59
Orange Flavored Dried Cranberries (2 Eaches),4973.45,4981,7.55
Hot Turkey & Cheese (sandwich),4902.43,5394,491.57
Strawberry Parfait Power Pack (Power Pack),4709.8,5258,548.2
String Cheese (Each),4550.33,4587,36.67
"Apple, Slices, IW - ER Supper Only (Each)",4514.83,4619,104.17
Natural Breakfast Syrup (Each),4288.0,4288,0.0
Fresh Whole Pear (Each),4168.33,4184,15.67
Cucumber Slices (2 Tablespoon),4127.77,4813,685.23
"Sandwich, Turkey & Cheese (sandwich)",4086.91,4260,173.09
Watermelon Flavored Dried Cranberries (2 Eaches),4015.37,4028,12.629999999999999
Strawberry Flavored Dried Cranberries (2 Eaches),3867.0,3867,0.0
"Peppers, Red, Whole (2 Tablespoons)",3797.15,4026,228.85
"Peppers, Green, Whole (2 Tablespoon)",3747.18,4544,796.82
"Carrots, Shredded (Cup)",3711.27,3794,82.72999999999999
Fish  Sandwich (Sandwich),3637.44,3994,356.56
Chicken and Cheese Quesadilla (Quesadilla),3369.12,3445,75.88
Cherry Tomatoes (6 Tomatoes per 1/2 cup),3245.31,3290,44.69
"Dough, Cookie, Double Chocolate, WG (1/2 Cookie)",3045.44,3051,5.5600000000000005
"Chicken, Bites (4 Bites)",3022.07,3079,56.93
Sweet Thai Chili Sauce (ounce),3005.95,3499,493.05
"Tomato, Large, whole, Plum (1/4 cup sliced)",2964.89,2979,14.11
Hamburger (Sandwich),2886.11,3031,144.89000000000001
Black Beans - salad bar entree (1/2 cup),2843.46,9452,6608.54
Sweet Thai Chili Chicken Wings (3 Wings),2700.75,2944,243.25
Apple Cinnamon Spread (Each),2641.95,2650,8.05
"Milk, Lactose Free,  Fat Free, Shelf-Stable (Each)",2567.81,2890,322.19
Apple Cinnamon Bread (1oz Grain (1/64 Baked Pan)),2472.26,2518,45.74
Apple Cinnamon Bread (Grain for entree) (1 square),2388.71,2389,0.29
BBQ Chicken Sandwich (Sandwich),2340.95,3075,734.05
"Peppers, red, pre-sliced (1/4 cup sliced)",2313.92,2488,174.07999999999998
Applesauce (1/4 cup),2188.71,2204,15.29
"Frozen, Blueberries (1/2 cup)",2173.96,2240,66.03999999999999
"Patty, Chicken, Spicy, Breaded (Patty)",2173.55,2177,3.45
Chicken Quesadilla (quesadilla),2159.74,2448,288.26
Arepa w/Taco Beef (1 Aprea + #8 scoop of beef),2144.05,2415,270.95
Red Seedless Grapes (2 Tablespoons),2095.9,2128,32.1
Chilled Peaches (1/2 cup),2056.72,2072,15.28
"Carrots, IW,   Super Snack (2 each)",1866.0,1866,0.0
"Turkey,  Breast, Pre-Sliced, Oven Roasted (3 Slices)",1856.23,3161,1304.77
Breaded  Chicken Patty on a Bun (Sandwich),1847.45,1857,9.55
"Lactose Free, White Milk (Each)",1767.92,1879,111.08
Raspberry Lemonade Flavored Dried Cranberries (2 Eaches),1734.0,1734,0.0
"Peppers, green, pre-sliced (1/4 cup sliced)",1710.1,1909,198.9
Fat Free Unflavored Shelf-Stable Milk (Each),1705.49,1779,73.51
Chickpeas (2 Tablespoons),1680.53,2199,518.47
Chicken Tikka Masala (1/2 cup),1676.26,2045,368.74
Corn (1/2 cup (thawed)),1658.09,1659,0.91
"Green Beans, Frozen (1/2 cup)",1656.46,1841,184.54
Cheddar Chex Mix (Package),1630.28,1650,19.720000000000002
Carrot and Celery Sticks (1/2 cup),1629.69,1654,24.310000000000002
Chicken Tenders Sub (Sandwich),1579.63,1600,20.37
Chickpeas - salad bar entree (1/2 cup),1546.4500000000007,13120,11573.55
Celery Sticks (1/4 cup),1533.68,1660,126.32000000000001
"Apple Slices (6 Slices, 1/2 cup)",1515.36,1516,0.64
Orange Slices (Each),1478.0,1478,0.0
Flour Tortilla (Tortilla),1475.64,1476,0.36
IW Heartzels Pretzels (Package),1440.0,1440,0.0
Tomato Soup (8 oz Ladle),1354.0,1419,65.0
"Chicken, Wings, Pre-Cooked (3 Wings)",1353.21,1507,153.79
Broccoli Alfredo Pasta (1 cup),1341.67,1509,167.33
Potstickers (6 Potstickers),1326.13,2146,819.87
Assorted Craisins (Packet),1324.0,1324,0.0
"Salsa, Mild Canned (2 Tablespoons)",1291.66,1322,30.340000000000003
Pineapple Pepper Fruit Salsa (1 TBSP),1284.0,1297,13.0
Whole Strawberries (1/4 cup thawed),1261.38,1272,10.620000000000001
Chana Masala (1/2 cup),1256.6999999999998,5612,4355.3
Cucumber Slices (1/2 cup),1254.0,1254,0.0
"Onions, Red, Whole (1/4 cup (sliced))",1243.92,1405,161.07999999999998
Potato Encrusted Breaded Pollock (Fillet),1240.95,1353,112.05
"Lettuce, Green Salad Mix (1 cup)",1209.41,1224,14.59
Vegan Burger (Sandwich),1183.25,4813,3629.75
"Penne Pasta with Marinara and Beef Meatballs (1/2 cup cooked pasta, 1/2c sauce, 5 meatballs)",1165.37,1170,4.63
Vanilla Sugar Cookie (1/2 Cookie),1137.57,1139,1.43
Maple Belgian Waffle (Waffle),1133.9,1134,0.1
Roasted Sunflower Seeds (Package),1124.79,1126,1.21
Blueberry Bread (1oz Grain (1/64 Baked Pan)),1124.69,1133,8.31
"Chicken, Bites, Breaded (4 Bites)",1077.45,1095,17.55
"Frozen Berry, Triple Berry Blend (1/4 cup (thawed))",1023.9,1044,20.1
"Taco, Turkey Barbacoa, Loco Bread (2 Tacos)",1017.5699999999999,1112,94.43
Yellow Peach (Each),1017.0,1017,0.0
Pumpkin Bread (1 square),976.8,980,3.1999999999999997
"Peppers, Red, Whole (1/4 cup)",969.46,1062,92.54
Black Beans (1/2 cup),948.77,1084,135.23
"Peanut Butter and Jelly Sandwich, IW (Each)",947.0,947,0.0
Chicken Alfredo Pasta (heaping 1 cup ( #4 scoop)),918.1,944,25.9
"Applesauce, IW, Cinnamon. Unsweetened, Shelf-Stable (SUB) (Each)",900.0,900,0.0
Black Beans (2 Tablespoons),855.47,1213,357.53
Sweet N' Salty Popcorn (Bag),803.41,806,2.59
"Calzone, Cheese (Each)",778.96,794,15.04
Tomato & Basil Lasagna (Each),774.4100000000001,1019,244.58999999999997
Chicken Alfredo Pasta (1 cup),748.3,787,38.7
Corn (1/4 cup (cooked)),745.81,762,16.19
Nachos with Cheese Sauce (serving size),728.25,732,3.75
"Bread, English Muffin, WG (Each)",726.0,726,0.0
"Beef, Taco Meat, Pre-Cooked (1/2 cup (#8 scoop))",688.5,715,26.5
"Sandwich, Turkey & Cheese on Sub Roll (sandwich)",636.29,670,33.71
Ranch Dressing Packet (Packet),632.0,632,0.0
Korean Chicken Drumstick (Drumstick),600.03,652,51.97
"Peppers, Green, Whole (1/2 cup)",599.81,656,56.19
"Batter, Pumpkin Bread (1oz Grain (1/64 Baked Pan))",598.15,602,3.85
Creamy Cabbage Slaw (1/4 cup),590.35,940,349.65
Chicken Philly Sandwich (each),572.51,874,301.49
BBQ Chickenless Bites (4 bites),547.55,556,8.45
"Pizza, Turkey Pepperoni, Slice (Slice)",546.85,711,164.15
"Waffle (Grain), Belgian, Buttery Maple, Bulk (Waffle)",546.15,547,0.85
"Pasta, Lasagna Roll-Up, Cheese (Each)",537.46,600,62.54
Sweet Thai Chili Chicken Bites (4 Bites w/ 1oz sauce),525.41,538,12.59
Mini Maple Pancakes (Package),522.0,522,0.0
Korean BBQ Chickenless Bites (4 bites),516.93,535,18.07
"Parfait, Triple Berry (Parfait)",489.58,591,101.42
Mac & Cheese (2/3 cup),484.43,512,27.57
Wheat Thins (Package),481.01,524,42.99
"Chicken, Bites, Korean (4 Bites w/ 1oz sauce)",480.0,480,0.0
"Quesadilla, Chicken & Cheese (Shred Chicken) 6 in Tortilla (Quesadilla)",473.42,529,55.58
Tortilla Chips (13 chips),470.33,472,1.67
Whole Wheat Sliced Bread (Slice),465.73,468,2.27
"Pasta, Baked Penne (1 cup)",455.52,482,26.48
Chicken Eggroll (2 Egg Rolls),448.83000000000004,577,128.17
Chilled Pineapple (1/4 cup),446.83,451,4.17
"Cheese, Shredded, Mozzarella (1/4 cup)",445.62,513,67.38
"CLPP, Grape Tomatoes (1/2 cup)",445.0,445,0.0
Assorted Whole Fruit (Piece of Fruit),444.0,444,0.0
Strawberry Parfait (Parfait),436.01,585,148.99
"Bread, Hamburger Bun (Bun)",412.0,462,50.0
Nachos w/Shredded Chicken and Cheese Sauce (Serving Size),410.48,469,58.52
"Cheese Sauce, Frozen, Nacho (1/2 cup)",399.40999999999997,468,68.59
Turkey & Cheese on Sub Roll (sandwich),397.26,513,115.74000000000001
Soft Beef Taco on Flour Tortilla (Taco),374.52,410,35.480000000000004
Granola (1/4 cup),363.0,363,0.0
Mandarin Orange Parfait (Parfait),362.58,425,62.42
String Cheese (1 Stick),344.0,344,0.0
"Milk, Soy, Vanilla (24/8 oz) (each)",340.0,340,0.0
Triple Berry Parfait Power Pack (Power Pack),335.36,346,10.64
Beef Meatballs (Serving),333.21,351,17.79
Bagel (Bagel),329.0,329,0.0
"Patty, Chicken, Breaded, WG (Serving)",320.84,322,1.16
Steamed Baby Carrots (1/4 cup),318.0,318,0.0
Taco Flavored Hummus (2 Each),317.0,317,0.0
Orange Slices (9 slices per 3/4 cup),306.0,306,0.0
Tex Mex Corn (1/4 cup),304.5,327,22.5
"Nutri-Grain, Blueberry (each)",295.0,295,0.0
Broccoli Florets (Cup),277.22,280,2.78
Natural Grape Jam (Packet),271.0,271,0.0
Assorted Cereal (Cereal Cup),269.0,269,0.0
Tikka Masala Sauce (ounce),266.91,282,15.09
"Quesadilla, Cheese w/ 6 Inch Tortillas (Quesadilla)",262.55,357,94.45
"Peppers, Green, Whole (1/4 cup)",249.31,372,122.69
Chilled Pineapple (1/2 cup),247.0,247,0.0
"Carrots, IW,   Super Snack (each)",243.0,243,0.0
Cherry Vanilla Yogurt (Container),239.0,239,0.0
"Carrots, Slims Bulk (Sub For Receiving Only) (3 baby carrots per 1/4 cup)",237.0,237,0.0
Turkey Barbacoa Tacos on Flour Tortillas (2 Tacos),236.65,238,1.35
"Nutri-Grain, Apple Cinnamon (each)",232.06,235,2.94
Biscuit (Biscuit),229.0,229,0.0
Sweet Thai Chili Chickenless Bites (4 bites),224.0,224,0.0
"Milk, Soy, Plain, Bulk (12/32 oz) (1 cup)",220.0,320,100.0
"Cheese, Shredded, Cheddar (Cup)",217.47,261,43.53
Steamed Broccoli (1/4 cups),206.41,214,7.59
Fish Filet Potato Encrusted (each),199.91,225,25.09
Grape Tomatoes (2 Tablespoons),198.0,198,0.0
Bean Salad (SUMMER) (1 cup),192.5,195,2.5
Turkey & Cheese & Cracker Power Pack (wrap),189.0,189,0.0
Red Seedless Grapes (24 grapes per 3/4 cup),184.0,184,0.0
"Sauce, Alfredo (2oz Ladle (1/4 cup))",183.36,189,5.64
Mini Maple Waffles (Package),182.0,182,0.0
"Quesadilla, Cheese and Taco Meat (Quesadilla)",174.0,174,0.0
Cucumber Slices (3/4 cup),173.74,277,103.26
"Cheese, String, Mozzarella, Low-Fat IW (SUBSTITUTION) (1 Stick)",168.0,168,0.0
"Cucumbers (1/4 cup sliced, 3 slices)",166.15,194,27.85
"Nutri-Grain, Strawberry (each)",166.0,166,0.0
Peach Yogurt (Container),165.0,165,0.0
"Chicken, Drumstick, Sweet Thai Chili (Drumstick)",163.27,169,5.73
Strawberry Banana Yogurt (each),156.0,156,0.0
Chicken Parmesan Sandwich (Sandwich),150.31,151,0.69
BBQ Sandwich (Sandwich),147.12,235,87.88
Black Bean and Corn Salad (1/2 cup),145.0,145,0.0
Powerade Mixed Berry Zero (Each),138.0,138,0.0
"Pasta, Penne (Prepared) (1/2 cup cooked)",138.0,138,0.0
Soft Bean Taco on Flour Tortilla (Taco),136.67,138,1.33
"CLPP, Grape Tomatoes (1/4 cup)",132.14,137,4.86
"Chicken, Shredded, Fully Cooked (1/2 cup)",130.14,133,2.86
Blueberry Muffin Top (Muffin Top),121.24,126,4.76
Turkey Barbacoa (#10 scoop),119.0,119,0.0
"Chicken, Drumstick, Roasted (Each Drumstick)",110.5,168,57.5
Blueberry Parfait (Parfait),106.0,176,70.0
Apple Slices (3/4 cup),97.33,99,1.67
BBQ Vegan Burger (Sandwich),97.1,215,117.9
"Pasta, Penne (Prepared) (cup cooked)",91.0,91,0.0
"CLPP, Cucumbers (1 cup)",89.0,89,0.0
Shredded Chicken Wrap (Wrap),86.5,99,12.5
Cheese Sandwich (sandwich),80.0,80,0.0
Turkey Breast Steak (2 Slices),75.0,175,100.0
Chicken & Cheese Nachos (Serving),75.0,75,0.0
Cheese Pizza (slice),74.0,74,0.0
"Salsa, Mild Canned (1/4 cup)",72.5,95,22.5
Chicken & Biscuit Sandwich (Sandwich),63.0,63,0.0
"IZZE, Apple (each)",61.0,61,0.0
"Beef, Meatballs, Pre-Cooked (5 meatballs)",58.14,61,2.86
"Turkey,  Breast, Pre-Sliced, Oven Roasted (6 Slices)",53.0,73,20.0
"Chex Mix, Cheddar - do not use (Package)",53.0,53,0.0
Vanilla Sugar Cookie (Cookie),53.0,53,0.0
"Wrap, Breaded Chicken (Wrap)",51.0,51,0.0
"Pasta, Frozen, Penne (Serving Size)",50.0,50,0.0
Honey Cheerios Cereal (Each),45.0,45,0.0
"Pasta, Macaroni (1 cup cooked)",45.0,45,0.0
Turkey Sausage Breakfast Biscuit (Sandwich),40.0,40,0.0
Chicken Alfredo Pasta (heaping 1/2 cup (#8 scoop)),39.78,42,2.22
"Canned Pineapple, Tidbits (1/2 cup (drained))",38.0,38,0.0
Applesauce (3/4 cup),37.0,37,0.0
"Tacos, Taco Meat, Flour Tortilla (2 Tacos)",36.0,56,20.0
"IZZE, Strawberry (each)",36.0,36,0.0
"IZZE, Blackberry (each)",35.0,35,0.0
Strawberry Parfait Power Pack w/Egg (Power Pack),32.06,35,2.94
"CLPP, Broccoli Crowns (1/2 cup)",30.0,30,0.0
"Tortilla Chips, Reduced Fat Tostitos, IW (Each)",30.0,30,0.0
"Sandwich, Breakfast. Bagel, Turkey Sausage (Sandwich)",25.33,32,6.67
Powerade Fruit Punch Zero (Each),24.0,24,0.0
Carrot and Celery Sticks (1/4 cup),24.0,24,0.0
Gatorade Zero Glacier Freeze (Each),24.0,24,0.0
"Egg, Hard Boiled, Bulk pouch (Each)",24.0,24,0.0
Hard Boiled Eggs (Each),21.0,21,0.0
"Cinnamon Toast Crunch Cereal, 25% Less Sugar (Each)",20.0,20,0.0
Bean Street Tacos on Flour Tortillas (2 Tacos),19.409999999999997,65,45.59
Coke Classic 24/12oz (Each),18.0,18,0.0
Blueberry Chex Cereal (Each),18.0,18,0.0
Make Your Own Nachos (Nacho Kit),17.0,17,0.0
Egg and American Cheese on Biscuit (Sandwich),13.71,58,44.29
Egg and American Cheese on English Muffin (Sandwich),12.0,12,0.0
Sprite 24/12oz (Each),12.0,12,0.0
Diet Coke 24/12oz (Each),12.0,12,0.0
Chickenless Bites Wrap (Wrap),12.0,12,0.0
Cinnamon Chex Cereal (Each),12.0,12,0.0
Vanilla Yogurt (1/2 cup),7.0,7,0.0
Cherry Coke 24/12oz (Each),6.0,6,0.0
"Chicken, Diced (1/2 cup)",6.0,6,0.0
Peach Parfait (Parfait),5.0,5,0.0
Taco Flavored Hummus (each),4.0,4,0.0
Oat Milk (Each),4.0,4,0.0
Egg and American Cheese on Bagel (Sandwich),3.0,23,20.0
"Bar, Lemon Blueberry (Each)",2.0,2,0.0
"Cheese, American, Sliced (3 slices)",2.0,2,0.0
Tortilla Chips (26 chips),1.0,1,0.0
Turkey Barbacoa (1/2 Cup),1.0,1,0.0
Nachos with Black Beans and Cheese Sauce (Serving),-398.5500000000002,2229,2627.55
