Item Name,Leftover Rate (%),Total Left Over,Total Offered
Fat Free White Milk (Each),60.63,131265.0,216507
"Milk, Lactose Free,  Fat Free, Shelf-Stable (Each)",50.9,3097.0,6085
1% White Milk (Each),50.83,236130.0,464569
Fat Free Unflavored Shelf-Stable Milk (Each),48.76,1728.0,3544
"Turkey,  Breast, Pre-Sliced, Oven Roasted (6 Slices)",47.14,66.0,140
String Cheese (Each),42.8,3434.0,8023
1% Unflavored Shelf-Stable Milk (Each),39.86,3870.0,9708
Assorted  4 oz Yogurt (Container),39.04,3291.0,8430
Mustard Packet (Packet),34.72,42733.0,123090
"Lactose Free, White Milk (Each)",32.91,939.0,2853
Fat Free Chocolate Milk (Each),32.55,459755.0,1412307
Steamed Broccoli (1/4 cups),32.32,106.0,328
"Cheese, Shredded, Cheddar (Cup)",31.97,125.0,391
Black Beans (2 Tablespoons),31.85,585.0,1837
Chickpeas (2 Tablespoons),31.67,1042.0,3290
Wheat Thins (Package),31.01,240.0,774
WG Baked Funyuns (Each),30.69,2274.0,7410
"Patty, Chicken, Breaded, WG (Serving)",30.24,140.0,463
"Milk, Soy, Vanilla (24/8 oz) (each)",29.75,144.0,484
Cheddar Chex Mix (Package),29.33,686.0,2339
"Peppers, red, pre-sliced (1/4 cup sliced)",28.99,1052.0,3629
Peach Yogurt Power Pack (Power Packs),28.77,9900.0,34414
Italian Dressing (1 ounce),27.52,46452.0,168785
"Peppers, Red, Whole (2 Tablespoons)",27.39,1545.0,5641
"Turkey,  Breast, Pre-Sliced, Oven Roasted (3 Slices)",27.1,1202.0,4435
SS Cheetos Fantastix Flaming Hot (Each),26.57,2477.0,9322
Sub Roll (Sub Roll),25.97,2974.0,11451
Cucumber Slices (2 Tablespoon),25.62,1684.0,6574
Corn (2 Tablespoons (thawed)),25.46,2403.0,9437
Cool Ranch Reduced Fat Doritos (Each),25.46,2115.0,8308
Strawberry & Banana Yogurt Power Pack (Power Packs),25.33,14308.0,56478
Original Flavored Dried Cranberries (Package),24.95,2549.0,10218
Doritos RF Nacho Cheese (Each),24.75,2610.0,10544
"Cucumbers (1/4 cup sliced, 3 slices)",24.73,69.0,279
Grape Tomatoes (2 Tablespoons),24.71,65.0,263
Potstickers (6 Potstickers),24.48,759.0,3101
Orange Tangerine Juice (Each),24.25,6682.0,27551
Cherry Vanilla Yogurt Power Pack (Power Packs),24.2,7676.0,31721
Celery Sticks (1/4 cup),23.98,544.0,2269
Bean Street Tacos on Flour Tortillas (2 Tacos),23.76,24.0,101
"WG 10"" Flour Tortilla (Tortilla)",23.39,3398.0,14528
"Onions, Red, Whole (2 Tablespoons (sliced))",23.22,2241.0,9650
Black Beans (1/4 Cup),23.17,7786.0,33605
Strawberry Parfait Power Pack (Power Pack),22.98,1584.0,6894
Strawberry Chex Mix (Package),22.97,2574.0,11204
Black Beans - salad bar entree (1/2 cup),22.97,2985.0,12997
"Sauce, BBQ, HFCS-Free, Bulk, Low-Sodium (2 TBSP)",22.95,3481.0,15168
"Peppers, green, pre-sliced (1/4 cup sliced)",22.85,579.0,2534
Tex Mex Corn (1/4 cup),22.69,98.0,432
Lay's RF Kettle Original Chips (Each),22.41,1895.0,8455
Chickpeas (1/2 cup),22.11,2042.0,9235
"Sauce, Spicy Mayo (tbsp)",21.94,4109.0,18731
"Peppers, Green, Whole (2 Tablespoon)",21.84,1292.0,5916
SS Baked Cheetos Flaming Hot (Each),21.72,3522.0,16215
WG Chocolate Chip Rice Krispy Treats (Each),21.68,1893.0,8731
Chickpeas - salad bar entree (1/2 cup),21.56,3862.0,17911
Strawberry Flavored Dried Cranberries (2 Eaches),21.53,1061.0,4928
Orange Flavored Dried Cranberries (Each),21.09,7581.0,35939
RF Kettle Chips Sea Salt & Vinegar Chips (Each),21.09,3974.0,18845
SS Baked Cheetos Flaming Limon (Each),20.75,1926.0,9282
"Patty, Chicken, Spicy, Breaded (2 strips)",20.69,1809.0,8744
"Peppers, Green, Whole (1/2 cup)",20.19,174.0,862
Kellogg’s W/G Rice Krispies Treats (Each),20.18,2198.0,10894
Kettle Cooked Smoky BBQ Chips (Each),19.61,2212.0,11281
Chickpeas (1/4 cup),19.51,16650.0,85319
"Onions, Red, Whole (1/4 cup (sliced))",19.37,344.0,1776
Doritos RF Spicy Sweet Chili (Each),19.19,2375.0,12376
Mayonnaise Packet (Packet),19.08,40582.0,212742
Doritos Flamas (Each),19.01,3522.0,18526
"Beef, Taco Meat, Pre-Cooked (1/2 cup (#8 scoop))",18.95,170.0,897
Granola (1/4 cup),18.79,84.0,447
"Salsa, Mild Canned (2 Tablespoons)",18.54,304.0,1640
Strawberry Flavored Dried Cranberries (Each),18.52,14026.0,75736
"Peppers, Green, Whole (1/4 cup)",18.26,88.0,482
"Peppers, green, pre-sliced (1/2 cup sliced)",18.25,2616.0,14335
Cherry Flavored Dried Cranberries (Each),18.04,13362.0,74049
"Fruit Snacks, Welch's Mixed (Each)",18.02,5300.0,29410
Chilled Pineapple (1/2 cup),17.67,53.0,300
Raspberry Lemonade Flavored Dried Cranberries (Each),17.65,5219.0,29562
Strawberry Banana Yogurt (each),17.46,33.0,189
Orange (Each - serving),17.22,2263.0,13141
"CLPP, Grape Tomatoes (1/2 cup)",17.13,92.0,537
Cherry Flavored Dried Cranberries (2 Eaches),17.1,1148.0,6715
Watermelon Flavored Dried Cranberries (Each),17.04,12049.0,70725
Natural Breakfast Syrup (Each),16.95,875.0,5163
"Nutri-Grain, Apple Cinnamon (each)",16.9,48.0,284
Black Beans (1/2 Cup),16.87,4042.0,23953
"Pasta, Frozen, Penne (Serving Size)",16.67,10.0,60
Vegan Burger (Sandwich),16.47,1031.0,6261
Black Beans (1/2 cup),16.36,223.0,1363
"Patty, Chicken, Breaded, WG (2 strips)",16.34,1586.0,9708
"Tomato, Large, whole, Plum (1/4 cup sliced)",16.22,581.0,3581
RF Kettle Chips Jalapeno & Cheddar Chips (Each),16.17,2937.0,18164
Blueberry Bread (1oz Grain (1/64 Baked Pan)),15.63,211.0,1350
Peach Yogurt (Container),15.38,30.0,195
Celery Sticks (1/2 cup),15.36,5953.0,38753
Apple Juice (Each),15.33,6811.0,44415
Grape Tomatoes (1/4 cup),15.33,6606.0,43101
"Peppers, red, pre-sliced (1/2 cup sliced)",15.08,5356.0,35522
Broccoli Florets (6 Pieces per 1/2 cup),14.88,1233.0,8289
Sweet Thai Chili Chicken Bites (4 Bites w/ 1oz sauce),14.87,95.0,639
PB&J Power Pack (Power Packs),14.79,46382.0,313520
Corn (1/4 cup (cooked)),14.76,134.0,908
Chilled Pineapple (1/4 cup),14.63,79.0,540
Orange Slices (Each),14.62,253.0,1731
"Chex Mix, Cheddar - do not use (Package)",14.52,9.0,62
Fish  Sandwich (Sandwich),14.35,683.0,4758
Cherry Vanilla Yogurt (Container),14.34,40.0,279
Orange Sauce (ounce),14.31,3458.0,24171
Egg and American Cheese on English Muffin (Sandwich),14.29,2.0,14
Gala Apple (Each),14.19,5946.0,41902
Watermelon Flavored Dried Cranberries (2 Eaches),14.1,663.0,4702
"Cheese, Shredded, Cheddar (1/4 cup)",14.02,2788.0,19885
Sweet Thai Chili Sauce (ounce),13.77,579.0,4206
Taco Flavored Hummus (2 Each),13.62,50.0,367
Raspberry Lemonade Flavored Dried Cranberries (2 Eaches),13.56,272.0,2006
"Peppers, Red, Whole (1/4 cup)",13.53,172.0,1271
Red Delicious Apple (Each - serving),13.5,26758.0,198275
"Carrots, IW,   Super Snack (2 each)",13.49,291.0,2157
Chicken and Cheese Quesadilla (Quesadilla),13.48,542.0,4020
"Sauce, Alfredo (2oz Ladle (1/4 cup))",13.39,30.0,224
Vegetable Dumpling (6 dumplings),13.28,1780.0,13405
Ketchup Packet (Packet),13.2,86447.0,655003
Baby Carrots (3 baby carrots per 1/4 cup),13.18,21050.0,159728
Sour Cream (2 Tablespoons),13.13,2191.0,16686
Golden Delicious Apple (Each),13.13,13309.0,101364
Ranch Dressing Packet (Packet),12.95,94.0,726
Turkey Barbacoa Arepa (1 Arepa + #10 scoop of turkey barbacoa),12.95,1239.0,9571
Strawberry Parfait (Parfait),12.79,87.0,680
String Cheese (1 Stick),12.69,50.0,394
Soft Pretzel (1 pretzel),12.52,10917.0,87179
Broccoli Florets (1/4 cup),12.23,11732.0,95911
Orange Flavored Dried Cranberries (2 Eaches),12.2,693.0,5682
"Quesadilla, Chicken & Cheese (Shred Chicken) 6 in Tortilla (Quesadilla)",12.04,76.0,631
Cheese Pizza (slice),11.9,10.0,84
Bottled Water (Bottle),11.87,11052.0,93098
Roasted Sunflower Seeds (Package),11.53,147.0,1275
Smartfood RF White Cheddar Popcorn (Each),11.52,4086.0,35468
Cherry Tomatoes (1/4 cup),11.37,8801.0,77417
Asian Meatball Sub (sandwich),11.34,3557.0,31359
Chicken Alfredo Pasta (heaping 1 cup ( #4 scoop)),11.29,122.0,1081
Biscuit (Biscuit),11.24,29.0,258
Alfredo & Basil Lasagna (Each),11.13,2503.0,22490
Turkey & Cheese on Sub Roll (sandwich),11.02,67.0,608
Mandarin Orange Pepper Fruit Salsa (1 TBSP),10.95,1247.0,11389
"Peanut Butter and Jelly Sandwich, IW (Each)",10.74,114.0,1061
Chana Masala (1/2 cup),10.72,773.0,7212
"Chicken, Bites, Korean (4 Bites w/ 1oz sauce)",10.61,57.0,537
Chickenless Bites (4 Bites),10.59,5809.0,54863
Ranch Dressing (1 ounce),10.54,39585.0,375711
"Salsa, Mild Canned (1.5 oz)",10.44,3342.0,32022
"Nutri-Grain, Blueberry (each)",10.33,34.0,329
Orange (1/4 cup),10.31,21281.0,206321
"Quesadilla, Cheese and Taco Meat (Quesadilla)",10.31,20.0,194
Nachos with Black Beans and Cheese Sauce (Serving),10.29,283.0,2750
Corn (1/2 cup (cooked)),10.24,4223.0,41229
IW Heartzels Pretzels (Package),10.22,164.0,1604
"Parfait, Triple Berry (Parfait)",10.21,69.0,676
Corn (1/4 cup (thawed)),10.14,5375.0,53034
Triple Berry Parfait Power Pack (Power Pack),10.08,39.0,387
"Beef, Meatballs, Pre-Cooked (5 meatballs)",10.0,7.0,70
Cherry Tomatoes (6 Tomatoes per 1/2 cup),10.0,368.0,3681
"Pasta, Baked Penne (1 cup)",9.93,54.0,544
Fish Tacos (2 Tacos),9.92,1578.0,15908
Spicy Chicken Wrap (Wrap),9.85,2291.0,23252
Cheez-Its Crackers (Package),9.85,4877.0,49527
"Apple, Slices, IW - ER Supper Only (Each)",9.82,507.0,5163
Cucumber Slices (1/4 cup),9.81,12688.0,129360
Hot Turkey & Cheese (sandwich),9.78,597.0,6107
Sweet Thai Chili Chicken Wings (3 Wings),9.7,329.0,3391
Red Seedless Grapes (2 Tablespoons),9.7,230.0,2371
Baby Carrots (6 Baby Carrots per 1/2 cup),9.66,5302.0,54905
Blueberry Parfait (Parfait),9.41,19.0,202
Mandarin Orange Parfait (Parfait),9.32,44.0,472
Assorted Craisins (Packet),9.32,136.0,1460
Chicken & Vegetable Dumplings (6 dumplings),9.21,1831.0,19878
"Patty, Chicken, Spicy, Breaded (Patty)",9.09,218.0,2397
Corn (1/2 cup (thawed)),9.04,165.0,1826
Mini Maple Waffles (Package),9.0,18.0,200
"Pasta, Penne (Prepared) (cup cooked)",9.0,9.0,100
Grape Tomatoes (6 Tomatoes per 1/2 cup),8.85,592.0,6689
Grilled Cheese Sandwich (Sandwich),8.79,2207.0,25096
Manager's Vegetable Choice (1/4 cup),8.78,20775.0,236728
Orange Chickenless Bites (4 bites),8.6,1581.0,18394
Manager's Vegetable Choice (1/2 cup),8.52,922.0,10822
Spicy Breaded Chicken Patty on Bun (Sandwich),8.42,7856.0,93317
Orange Slices (3 slices per 1/4 cup),8.39,23159.0,276178
Marinara Sauce (1/2 cup),8.36,5596.0,66903
"Carrots, IW,   Super Snack (each)",8.3,22.0,265
Yellow Peach (Each),8.3,92.0,1109
Pasta with Meat Sauce (serving),8.23,1963.0,23849
Honey Cheerios Cereal (Each),8.16,4.0,49
"Pizza, Turkey Pepperoni, Slice (Slice)",8.13,69.0,849
Mini Maple Pancakes (Package),8.1,46.0,568
Tomato & Basil Lasagna (Each),8.02,96.0,1197
Turkey Pepperoni Pizza (1.37 oz),8.02,586.0,7311
BBQ Chicken Sandwich (Sandwich),7.84,279.0,3557
"Cheese Sauce, Frozen, Nacho (1/2 cup)",7.83,47.0,600
Chilled Peaches (1/4 cup (drained)),7.82,2359.0,30153
Tex Mex Corn (1/2 cup),7.61,1670.0,21955
Chickenless Bites (2 Bites),7.59,2355.0,31027
Arepa w/Taco Beef (1 Aprea + #8 scoop of beef),7.48,202.0,2700
Potato Encrusted Breaded Pollock (Fillet),7.41,111.0,1498
Cooked  Brown Rice (1 cup cooked),7.39,4624.0,62610
Soft Bean Taco on Flour Tortilla (Taco),7.33,11.0,150
Chicken Parmesan Sandwich (Sandwich),7.32,12.0,164
"Quesadilla, Cheese w/ 6 Inch Tortillas (Quesadilla)",7.29,29.0,398
Baked Cheese Sticks (2 Cheese Sticks),7.26,8820.0,121450
"Taco, Turkey Barbacoa, Loco Bread (2 Tacos)",7.19,89.0,1238
Whole Wheat Dinner Roll (2 rolls),7.1,6406.0,90251
"Bread, Loco (1/2 piece)",7.09,2046.0,28869
Bean and Cheese Pupusa (Pupusa),7.03,1514.0,21521
Doritos Wild White Nacho Flavored Tortilla Chips (Bag),6.97,3191.0,45804
"Bread, Loco (flatbread)",6.96,2112.0,30357
Applesauce (1/4 cup),6.85,163.0,2379
Chilled Peaches (1/2 cup),6.85,154.0,2248
Whole Strawberries (1/4 cup thawed),6.82,94.0,1378
Cucumber Slices (6 Slices per 1/2 cup),6.73,1266.0,18809
"Bread, English Muffin, WG (Each)",6.68,52.0,778
Roasted Plantains (3 Slices),6.61,523.0,7910
Natural Grape Jam (Packet),6.55,19.0,290
Red Seedless Grapes (16 grapes per 1/2 cup),6.35,12236.0,192617
Sweet Thai Chili Chickenless Bites (4 bites),6.28,15.0,239
Chicken & Cheese Nachos (Serving),6.25,5.0,80
Whole Wheat Dinner Roll (Each),6.25,2559.0,40963
"Carrots, Shredded (Cup)",6.17,252.0,4084
Banana (Each),6.08,13465.0,221300
"Penne Pasta with Marinara and Beef Meatballs (cup cooked pasta, 1/2c sauce, 5 meatballs)",5.84,1242.0,21255
Blueberry Bread (1 square),5.83,2400.0,41196
Orange Slices (6 Slices per 1/2 cup),5.81,1202.0,20676
Roasted Plantains (6 Slices),5.74,1514.0,26364
BBQ Chickenless Bites (4 bites),5.73,34.0,593
Chilled Mandarin Oranges (1/2 cup (drained)),5.7,5984.0,104950
Nachos with Taco Meat and Cheese Sauce (Serving Size),5.69,355.0,6243
BBQ Vegan Burger (Sandwich),5.67,14.0,247
Cheeseburger (Sandwich),5.67,3322.0,58629
Cucumbers (1/2 cup sliced),5.61,347.0,6188
Marinara Sauce (1/4 Cup),5.57,1533.0,27538
Tomato Soup (8 oz Ladle),5.51,85.0,1543
Chicken Eggroll (2 Egg Rolls),5.5,35.0,636
Chicken Quesadilla (quesadilla),5.49,148.0,2694
Chicken Masala Drumstick (Drumstick),5.48,1184.0,21602
Beef Meatball Sub Sandwich (Sandwich),5.47,1894.0,34642
Orange (6 Slices per 1/2 cup),5.44,725.0,13329
Chicken Tikka Masala (1/2 cup),5.34,121.0,2267
"Quesadilla, Turkey Barbacoa and Cheese (Quesadilla)",5.32,594.0,11155
"Applesauce, IW, Cinnamon. Unsweetened, Shelf-Stable (SUB) (Each)",5.26,50.0,950
Flour Tortilla (Tortilla),5.26,82.0,1559
"Sandwich, Turkey & Cheese (sandwich)",5.18,236.0,4552
Chicken Alfredo Pasta (1 cup),5.18,44.0,849
Red Seedless Grapes (8 grapes per 1/4 cup),5.12,8154.0,159248
Cheese Quesadilla (Quesadilla),5.11,1298.0,25402
Hamburger (Sandwich),5.06,163.0,3221
"Apple Slices (3 slices, 1/4 cup)",5.03,2256.0,44808
BBQ Chicken Drumstick (Drumstick),5.03,405.0,8059
Chocolate Chip Cookie (1/2 Cookie),4.97,3598.0,72398
Asian Veggie Sub (sandwich),4.94,1865.0,37785
Nachos with Turkey Barbacoa and Cheese Sauce (Serving),4.89,1869.0,38213
Steamed Broccoli (1/2 cup),4.89,1088.0,22269
Apple Cinnamon Bread (1oz Grain (1/64 Baked Pan)),4.82,128.0,2657
Carrot and Celery Sticks (1/2 cup),4.69,83.0,1768
Cooked  Brown Rice (1/2 cup cooked),4.68,3396.0,72517
Turkey Pepperoni Pizza (Slice),4.63,5991.0,129412
Chilled Peaches (1/2 cup (drained)),4.6,1387.0,30181
Apple Slices (3 slices per 1/4 cup),4.56,16155.0,353987
Breaded  Chicken Patty on a Bun (Sandwich),4.55,89.0,1957
Applesauce (1/2 Cup),4.51,766.0,16972
Cheese Pizza (Slice),4.5,8753.0,194431
Broccoli Alfredo Pasta (1 cup),4.5,73.0,1622
"Green Beans, Frozen (1/2 cup)",4.49,91.0,2028
Creamy Cabbage Slaw (1/4 cup),4.46,51.0,1144
Chicken Alfredo Pasta (heaping 1/2 cup (#8 scoop)),4.44,2.0,45
Turkey Barbacoa Tacos on Flour Tortillas (2 Tacos),4.4,11.0,250
Orange Chicken (4 Bites w/ 1oz sauce),4.38,1519.0,34652
Korean Chicken Drumstick (Drumstick),4.37,30.0,686
"Chicken, Wings, Pre-Cooked (3 Wings)",4.35,71.0,1631
Chicken Tenders (3 tenders),4.32,10506.0,243335
Lettuce Blend Salad Mix (1/2 cup),4.32,27642.0,640565
Chocolate Chip Cookie (Cookie),4.27,8950.0,209456
Chilled Mandarin Oranges (1/4 cup (drained)),4.09,2951.0,72233
Vanilla Sugar Cookie (1/2 Cookie),4.04,48.0,1189
"Frozen Berry, Triple Berry Blend (1/2 cup (thawed))",3.99,945.0,23692
"Chicken, Drumstick, Sweet Thai Chili (Drumstick)",3.87,7.0,181
"Batter, Pumpkin Bread (1oz Grain (1/64 Baked Pan))",3.82,24.0,628
Potato Wedges (7 pieces),3.7,1990.0,53794
"Chicken, Bites (4 Bites)",3.68,119.0,3236
Nachos with Cheese Sauce (Serving),3.64,1619.0,44515
Steamed Baby Carrots (1/4 cup),3.64,12.0,330
"Calzone, Cheese (Each)",3.5,29.0,829
"Nutri-Grain, Strawberry (each)",3.49,6.0,172
Potato Wedges (4 pieces),3.48,450.0,12931
Whole Strawberries (1/2 cup thawed),3.39,945.0,27861
Lettuce Blend Salad Mix (1 cup),3.26,777.0,23829
"Penne Pasta with Marinara and Beef Meatballs (1/2 cup cooked pasta, 1/2c sauce, 5 meatballs)",3.22,39.0,1212
Sweet N' Salty Popcorn (Bag),3.0,25.0,834
Bagel (Bagel),2.95,10.0,339
Mac & Cheese (2/3 cup),2.9,16.0,551
Turkey Breast Steak (2 Slices),2.85,7.0,246
Apple Slices (6 Slices per 1/2 cup),2.65,643.0,24251
"Chicken, Bites, Breaded (4 Bites)",2.65,30.0,1133
"Canned Pineapple, Tidbits (1/2 cup (drained))",2.56,1.0,39
"Dough, Cookie, Double Chocolate, WG (1/2 Cookie)",2.55,80.0,3141
"Sandwich, Turkey & Cheese on Sub Roll (sandwich)",2.46,17.0,692
BBQ Sandwich (Sandwich),2.38,6.0,252
"Apple Slices (6 Slices, 1/2 cup)",2.32,36.0,1555
"Frozen, Blueberries (1/2 cup)",2.27,53.0,2331
Whole Wheat Sliced Bread (Slice),2.27,11.0,484
"Pasta, Lasagna Roll-Up, Cheese (Each)",2.24,14.0,626
Chicken Tenders Sub (Sandwich),2.13,35.0,1647
Pumpkin Bread (1 square),2.0,20.0,1002
Nachos with Cheese Sauce (serving size),1.99,15.0,753
Fresh Whole Pear (Each),1.98,85.0,4303
Korean BBQ Chickenless Bites (4 bites),1.97,11.0,557
Chicken Philly Sandwich (each),1.87,19.0,1014
Nachos w/Shredded Chicken and Cheese Sauce (Serving Size),1.66,8.0,481
Turkey Barbacoa (#10 scoop),1.65,2.0,121
Tikka Masala Sauce (ounce),1.65,5.0,303
Apple Cinnamon Bread (Grain for entree) (1 square),1.65,40.0,2430
Assorted Whole Fruit (Piece of Fruit),1.55,7.0,451
"Chicken, Shredded, Fully Cooked (1/2 cup)",1.47,2.0,136
IW Applesauce Cup (Each),1.19,244.0,20438
"Lettuce, Green Salad Mix (1 cup)",1.18,15.0,1269
Graham Crackers (Package),1.12,224.0,19933
Steamed Baby Carrots (1/2 cup),1.12,152.0,13546
"CLPP, Cucumbers (1 cup)",1.11,1.0,90
Cucumber Slices (1/2 cup),1.03,13.0,1267
"Milk, Soy, Plain, Bulk (12/32 oz) (1 cup)",0.93,3.0,324
"Cheese, Shredded, Mozzarella (1/4 cup)",0.74,4.0,544
Pineapple Pepper Fruit Salsa (1 TBSP),0.69,9.0,1310
"Bread, Hamburger Bun (Bun)",0.63,3.0,477
"Cheese, String, Mozzarella, Low-Fat IW (SUBSTITUTION) (1 Stick)",0.59,1.0,169
Tortilla Chips (13 chips),0.42,2.0,476
Maple Belgian Waffle (Waffle),0.26,3.0,1138
"Frozen Berry, Triple Berry Blend (1/4 cup (thawed))",0.19,2.0,1068
Chicken & Biscuit Sandwich (Sandwich),0.0,0.0,63
Powerade Fruit Punch Zero (Each),0.0,0.0,24
Turkey & Cheese & Cracker Power Pack (wrap),0.0,0.0,189
Orange Slices (9 slices per 3/4 cup),0.0,0.0,306
"Carrots, Slims Bulk (Sub For Receiving Only) (3 baby carrots per 1/4 cup)",0.0,0.0,237
Turkey Barbacoa (1/2 Cup),0.0,0.0,1
Applesauce (3/4 cup),0.0,0.0,37
Cheese Sandwich (sandwich),0.0,0.0,80
"Chicken, Drumstick, Roasted (Each Drumstick)",0.0,0.0,175
"Chicken, Diced (1/2 cup)",0.0,0.0,6
Powerade Mixed Berry Zero (Each),0.0,0.0,138
Turkey Sausage Breakfast Biscuit (Sandwich),0.0,0.0,40
"IZZE, Strawberry (each)",0.0,0.0,36
Vanilla Sugar Cookie (Cookie),0.0,0.0,53
Cherry Coke 24/12oz (Each),0.0,0.0,6
Vanilla Yogurt (1/2 cup),0.0,0.0,7
"Cheese, American, Sliced (3 slices)",0.0,0.0,2
"Tortilla Chips, Reduced Fat Tostitos, IW (Each)",0.0,0.0,30
Apple Slices (3/4 cup),0.0,0.0,100
"Wrap, Breaded Chicken (Wrap)",0.0,0.0,51
"IZZE, Apple (each)",0.0,0.0,61
"Waffle (Grain), Belgian, Buttery Maple, Bulk (Waffle)",0.0,0.0,549
Apple Cinnamon Spread (Each),0.0,0.0,2655
"Pasta, Penne (Prepared) (1/2 cup cooked)",0.0,0.0,138
Hard Boiled Eggs (Each),0.0,0.0,21
Gatorade Zero Glacier Freeze (Each),0.0,0.0,24
"Pasta, Macaroni (1 cup cooked)",0.0,0.0,45
Carrot and Celery Sticks (1/4 cup),0.0,0.0,24
Blueberry Muffin Top (Muffin Top),0.0,0.0,128
Tortilla Chips (26 chips),0.0,0.0,1
"Salsa, Mild Canned (1/4 cup)",0.0,0.0,104
Soft Beef Taco on Flour Tortilla (Taco),0.0,0.0,429
Black Bean and Corn Salad (1/2 cup),0.0,0.0,145
Sprite 24/12oz (Each),0.0,0.0,12
Shredded Chicken Wrap (Wrap),0.0,0.0,106
Peach Parfait (Parfait),0.0,0.0,5
Beef Meatballs (Serving),0.0,0.0,356
Cucumber Slices (3/4 cup),0.0,0.0,326
Bean Salad (SUMMER) (1 cup),0.0,0.0,200
Coke Classic 24/12oz (Each),0.0,0.0,18
"Bar, Lemon Blueberry (Each)",0.0,0.0,2
Diet Coke 24/12oz (Each),0.0,0.0,12
Strawberry Parfait Power Pack w/Egg (Power Pack),0.0,0.0,36
"Cinnamon Toast Crunch Cereal, 25% Less Sugar (Each)",0.0,0.0,20
"Sandwich, Breakfast. Bagel, Turkey Sausage (Sandwich)",0.0,0.0,33
Oat Milk (Each),0.0,0.0,4
Blueberry Chex Cereal (Each),0.0,0.0,18
Egg and American Cheese on Bagel (Sandwich),0.0,0.0,24
Egg and American Cheese on Biscuit (Sandwich),0.0,0.0,62
Make Your Own Nachos (Nacho Kit),0.0,0.0,17
Broccoli Florets (Cup),0.0,0.0,288
"CLPP, Broccoli Crowns (1/2 cup)",0.0,0.0,30
Taco Flavored Hummus (each),0.0,0.0,4
"CLPP, Grape Tomatoes (1/4 cup)",0.0,0.0,144
"Tacos, Taco Meat, Flour Tortilla (2 Tacos)",0.0,0.0,70
Cinnamon Chex Cereal (Each),0.0,0.0,12
Assorted Cereal (Cereal Cup),0.0,0.0,269
Red Seedless Grapes (24 grapes per 3/4 cup),0.0,0.0,184
Chickenless Bites Wrap (Wrap),0.0,0.0,12
"Egg, Hard Boiled, Bulk pouch (Each)",0.0,0.0,24
Fish Filet Potato Encrusted (each),0.0,0.0,234
"IZZE, Blackberry (each)",0.0,0.0,35
