school,meal_type,food_item,recommended_quantity
aldrin elementary,Breakfast,1% White Milk (Each),32
aldrin elementary,Breakfast,Fat Free White Milk (Each),8
aldrin elementary,Breakfast,1% Unflavored Shelf-Stable Milk (Each),1
aldrin elementary,Lunch,Fat Free Chocolate Milk (Each),31
aldrin elementary,Lunch,1% White Milk (Each),7
aldrin elementary,Lunch,Fat Free White Milk (Each),3
annandale high,Breakfast,1% White Milk (Each),101
annandale high,Breakfast,Fat Free White Milk (Each),27
annandale high,Breakfast,1% Unflavored Shelf-Stable Milk (Each),2
annandale high,Breakfast,Fat Free Unflavored Shelf-Stable Milk (Each),1
annandale high,Breakfast,"Lactose Free, White Milk (Each)",1
annandale high,Breakfast,"Milk, Lactose Free,  Fat Free, Shelf-Stable (Each)",1
annandale high,Lunch,Fat Free Chocolate Milk (Each),98
annandale high,Lunch,1% White Milk (Each),24
annandale high,Lunch,Fat Free White Milk (Each),9
annandale high,Lunch,1% Unflavored Shelf-Stable Milk (Each),1
annandale terrace elementary,Breakfast,1% White Milk (Each),98
annandale terrace elementary,Breakfast,Fat Free White Milk (Each),26
annandale terrace elementary,Breakfast,1% Unflavored Shelf-Stable Milk (Each),2
annandale terrace elementary,Breakfast,Fat Free Unflavored Shelf-Stable Milk (Each),1
annandale terrace elementary,Breakfast,"Lactose Free, White Milk (Each)",1
annandale terrace elementary,Breakfast,"Milk, Lactose Free,  Fat Free, Shelf-Stable (Each)",1
annandale terrace elementary,Lunch,Fat Free Chocolate Milk (Each),96
annandale terrace elementary,Lunch,1% White Milk (Each),23
annandale terrace elementary,Lunch,Fat Free White Milk (Each),8
annandale terrace elementary,Lunch,1% Unflavored Shelf-Stable Milk (Each),1
armstrong elementary,Breakfast,1% White Milk (Each),24
armstrong elementary,Breakfast,Fat Free White Milk (Each),6
armstrong elementary,Lunch,Fat Free Chocolate Milk (Each),24
armstrong elementary,Lunch,1% White Milk (Each),6
armstrong elementary,Lunch,Fat Free White Milk (Each),2
baileys lower elementary,Breakfast,1% White Milk (Each),186
baileys lower elementary,Breakfast,Fat Free White Milk (Each),49
baileys lower elementary,Breakfast,1% Unflavored Shelf-Stable Milk (Each),3
baileys lower elementary,Breakfast,"Lactose Free, White Milk (Each)",2
baileys lower elementary,Breakfast,"Milk, Lactose Free,  Fat Free, Shelf-Stable (Each)",2
baileys lower elementary,Breakfast,Fat Free Unflavored Shelf-Stable Milk (Each),1
baileys lower elementary,Lunch,Fat Free Chocolate Milk (Each),181
baileys lower elementary,Lunch,1% White Milk (Each),43
baileys lower elementary,Lunch,Fat Free White Milk (Each),16
baileys lower elementary,Lunch,1% Unflavored Shelf-Stable Milk (Each),1
baileys lower elementary,Lunch,"Milk, Lactose Free,  Fat Free, Shelf-Stable (Each)",1
baileys upper elementary,Breakfast,1% White Milk (Each),48
baileys upper elementary,Breakfast,Fat Free White Milk (Each),13
baileys upper elementary,Breakfast,1% Unflavored Shelf-Stable Milk (Each),1
baileys upper elementary,Lunch,Fat Free Chocolate Milk (Each),47
baileys upper elementary,Lunch,1% White Milk (Each),11
baileys upper elementary,Lunch,Fat Free White Milk (Each),4
beech tree elementary,Breakfast,1% White Milk (Each),60
beech tree elementary,Breakfast,Fat Free White Milk (Each),16
beech tree elementary,Breakfast,1% Unflavored Shelf-Stable Milk (Each),1
beech tree elementary,Breakfast,"Milk, Lactose Free,  Fat Free, Shelf-Stable (Each)",1
beech tree elementary,Lunch,Fat Free Chocolate Milk (Each),58
beech tree elementary,Lunch,1% White Milk (Each),14
beech tree elementary,Lunch,Fat Free White Milk (Each),5
belle view elementary,Breakfast,1% White Milk (Each),18
belle view elementary,Breakfast,Fat Free White Milk (Each),5
belle view elementary,Lunch,Fat Free Chocolate Milk (Each),17
belle view elementary,Lunch,1% White Milk (Each),4
belle view elementary,Lunch,Fat Free White Milk (Each),2
belvedere elementary,Breakfast,1% White Milk (Each),75
belvedere elementary,Breakfast,Fat Free White Milk (Each),20
belvedere elementary,Breakfast,1% Unflavored Shelf-Stable Milk (Each),1
belvedere elementary,Breakfast,Fat Free Unflavored Shelf-Stable Milk (Each),1
belvedere elementary,Breakfast,"Lactose Free, White Milk (Each)",1
belvedere elementary,Breakfast,"Milk, Lactose Free,  Fat Free, Shelf-Stable (Each)",1
belvedere elementary,Lunch,Fat Free Chocolate Milk (Each),73
belvedere elementary,Lunch,1% White Milk (Each),17
belvedere elementary,Lunch,Fat Free White Milk (Each),6
bonnie brae elementary,Breakfast,1% White Milk (Each),97
bonnie brae elementary,Breakfast,Fat Free White Milk (Each),26
bonnie brae elementary,Breakfast,1% Unflavored Shelf-Stable Milk (Each),2
bonnie brae elementary,Breakfast,Fat Free Unflavored Shelf-Stable Milk (Each),1
bonnie brae elementary,Breakfast,"Lactose Free, White Milk (Each)",1
bonnie brae elementary,Breakfast,"Milk, Lactose Free,  Fat Free, Shelf-Stable (Each)",1
bonnie brae elementary,Lunch,Fat Free Chocolate Milk (Each),95
bonnie brae elementary,Lunch,1% White Milk (Each),23
bonnie brae elementary,Lunch,Fat Free White Milk (Each),8
bonnie brae elementary,Lunch,1% Unflavored Shelf-Stable Milk (Each),1
braddock elementary,Breakfast,1% White Milk (Each),127
braddock elementary,Breakfast,Fat Free White Milk (Each),34
braddock elementary,Breakfast,1% Unflavored Shelf-Stable Milk (Each),2
braddock elementary,Breakfast,Fat Free Unflavored Shelf-Stable Milk (Each),1
braddock elementary,Breakfast,"Lactose Free, White Milk (Each)",1
braddock elementary,Breakfast,"Milk, Lactose Free,  Fat Free, Shelf-Stable (Each)",1
braddock elementary,Lunch,Fat Free Chocolate Milk (Each),124
braddock elementary,Lunch,1% White Milk (Each),30
braddock elementary,Lunch,Fat Free White Milk (Each),11
braddock elementary,Lunch,1% Unflavored Shelf-Stable Milk (Each),1
bren mar park elementary,Breakfast,1% White Milk (Each),73
bren mar park elementary,Breakfast,Fat Free White Milk (Each),19
bren mar park elementary,Breakfast,1% Unflavored Shelf-Stable Milk (Each),1
bren mar park elementary,Breakfast,Fat Free Unflavored Shelf-Stable Milk (Each),1
bren mar park elementary,Breakfast,"Lactose Free, White Milk (Each)",1
bren mar park elementary,Breakfast,"Milk, Lactose Free,  Fat Free, Shelf-Stable (Each)",1
bren mar park elementary,Lunch,Fat Free Chocolate Milk (Each),72
bren mar park elementary,Lunch,1% White Milk (Each),17
bren mar park elementary,Lunch,Fat Free White Milk (Each),6
brookfield elementary,Breakfast,1% White Milk (Each),57
brookfield elementary,Breakfast,Fat Free White Milk (Each),15
brookfield elementary,Breakfast,1% Unflavored Shelf-Stable Milk (Each),1
brookfield elementary,Lunch,Fat Free Chocolate Milk (Each),55
brookfield elementary,Lunch,1% White Milk (Each),13
brookfield elementary,Lunch,Fat Free White Milk (Each),5
bucknell elementary,Breakfast,1% White Milk (Each),125
bucknell elementary,Breakfast,Fat Free White Milk (Each),33
bucknell elementary,Breakfast,1% Unflavored Shelf-Stable Milk (Each),2
bucknell elementary,Breakfast,Fat Free Unflavored Shelf-Stable Milk (Each),1
bucknell elementary,Breakfast,"Lactose Free, White Milk (Each)",1
bucknell elementary,Breakfast,"Milk, Lactose Free,  Fat Free, Shelf-Stable (Each)",1
bucknell elementary,Lunch,Fat Free Chocolate Milk (Each),122
bucknell elementary,Lunch,1% White Milk (Each),29
bucknell elementary,Lunch,Fat Free White Milk (Each),11
bucknell elementary,Lunch,1% Unflavored Shelf-Stable Milk (Each),1
bull run elementary,Breakfast,1% White Milk (Each),50
bull run elementary,Breakfast,Fat Free White Milk (Each),13
bull run elementary,Breakfast,1% Unflavored Shelf-Stable Milk (Each),1
bull run elementary,Lunch,Fat Free Chocolate Milk (Each),48
bull run elementary,Lunch,1% White Milk (Each),12
bull run elementary,Lunch,Fat Free White Milk (Each),4
bush hill elementary,Breakfast,1% White Milk (Each),22
bush hill elementary,Breakfast,Fat Free White Milk (Each),6
bush hill elementary,Lunch,Fat Free Chocolate Milk (Each),22
bush hill elementary,Lunch,1% White Milk (Each),5
bush hill elementary,Lunch,Fat Free White Milk (Each),2
camelot elementary,Breakfast,1% White Milk (Each),54
camelot elementary,Breakfast,Fat Free White Milk (Each),14
camelot elementary,Breakfast,1% Unflavored Shelf-Stable Milk (Each),1
camelot elementary,Lunch,Fat Free Chocolate Milk (Each),53
camelot elementary,Lunch,1% White Milk (Each),13
camelot elementary,Lunch,Fat Free White Milk (Each),5
cameron elementary,Breakfast,1% White Milk (Each),85
cameron elementary,Breakfast,Fat Free White Milk (Each),22
cameron elementary,Breakfast,1% Unflavored Shelf-Stable Milk (Each),2
cameron elementary,Breakfast,Fat Free Unflavored Shelf-Stable Milk (Each),1
cameron elementary,Breakfast,"Lactose Free, White Milk (Each)",1
cameron elementary,Breakfast,"Milk, Lactose Free,  Fat Free, Shelf-Stable (Each)",1
cameron elementary,Lunch,Fat Free Chocolate Milk (Each),83
cameron elementary,Lunch,1% White Milk (Each),20
cameron elementary,Lunch,Fat Free White Milk (Each),7
cameron elementary,Lunch,1% Unflavored Shelf-Stable Milk (Each),1
canterbury woods elementary,Breakfast,1% White Milk (Each),5
canterbury woods elementary,Breakfast,Fat Free White Milk (Each),1
canterbury woods elementary,Lunch,Fat Free Chocolate Milk (Each),4
canterbury woods elementary,Lunch,1% White Milk (Each),1
cardinal forest elementary,Breakfast,1% White Milk (Each),57
cardinal forest elementary,Breakfast,Fat Free White Milk (Each),15
cardinal forest elementary,Breakfast,1% Unflavored Shelf-Stable Milk (Each),1
cardinal forest elementary,Lunch,Fat Free Chocolate Milk (Each),56
cardinal forest elementary,Lunch,1% White Milk (Each),13
cardinal forest elementary,Lunch,Fat Free White Milk (Each),5
carson middle,Breakfast,1% White Milk (Each),41
carson middle,Breakfast,Fat Free White Milk (Each),11
carson middle,Breakfast,1% Unflavored Shelf-Stable Milk (Each),1
carson middle,Lunch,Fat Free Chocolate Milk (Each),40
carson middle,Lunch,1% White Milk (Each),10
carson middle,Lunch,Fat Free White Milk (Each),4
centre ridge elementary,Breakfast,1% White Milk (Each),90
centre ridge elementary,Breakfast,Fat Free White Milk (Each),24
centre ridge elementary,Breakfast,1% Unflavored Shelf-Stable Milk (Each),2
centre ridge elementary,Breakfast,Fat Free Unflavored Shelf-Stable Milk (Each),1
centre ridge elementary,Breakfast,"Lactose Free, White Milk (Each)",1
centre ridge elementary,Breakfast,"Milk, Lactose Free,  Fat Free, Shelf-Stable (Each)",1
centre ridge elementary,Lunch,Fat Free Chocolate Milk (Each),88
centre ridge elementary,Lunch,1% White Milk (Each),21
centre ridge elementary,Lunch,Fat Free White Milk (Each),8
centre ridge elementary,Lunch,1% Unflavored Shelf-Stable Milk (Each),1
centreville elementary,Breakfast,1% White Milk (Each),53
centreville elementary,Breakfast,Fat Free White Milk (Each),14
centreville elementary,Breakfast,1% Unflavored Shelf-Stable Milk (Each),1
centreville elementary,Lunch,Fat Free Chocolate Milk (Each),51
centreville elementary,Lunch,1% White Milk (Each),12
centreville elementary,Lunch,Fat Free White Milk (Each),5
centreville high,Breakfast,1% White Milk (Each),16
centreville high,Breakfast,Fat Free White Milk (Each),4
centreville high,Lunch,Fat Free Chocolate Milk (Each),16
centreville high,Lunch,1% White Milk (Each),4
centreville high,Lunch,Fat Free White Milk (Each),1
chantilly hs,Breakfast,1% White Milk (Each),17
chantilly hs,Breakfast,Fat Free White Milk (Each),4
chantilly hs,Lunch,Fat Free Chocolate Milk (Each),16
chantilly hs,Lunch,1% White Milk (Each),4
chantilly hs,Lunch,Fat Free White Milk (Each),1
cherry run elementary,Breakfast,1% White Milk (Each),11
cherry run elementary,Breakfast,Fat Free White Milk (Each),3
cherry run elementary,Lunch,Fat Free Chocolate Milk (Each),11
cherry run elementary,Lunch,1% White Milk (Each),3
cherry run elementary,Lunch,Fat Free White Milk (Each),1
chesterbrook elementary,Breakfast,1% White Milk (Each),8
chesterbrook elementary,Breakfast,Fat Free White Milk (Each),2
chesterbrook elementary,Lunch,Fat Free Chocolate Milk (Each),7
chesterbrook elementary,Lunch,1% White Milk (Each),2
chesterbrook elementary,Lunch,Fat Free White Milk (Each),1
churchill road elementary,Breakfast,1% White Milk (Each),12
churchill road elementary,Breakfast,Fat Free White Milk (Each),3
churchill road elementary,Lunch,Fat Free Chocolate Milk (Each),12
churchill road elementary,Lunch,1% White Milk (Each),3
churchill road elementary,Lunch,Fat Free White Milk (Each),1
clearview elementary,Breakfast,1% White Milk (Each),90
clearview elementary,Breakfast,Fat Free White Milk (Each),24
clearview elementary,Breakfast,1% Unflavored Shelf-Stable Milk (Each),2
clearview elementary,Breakfast,Fat Free Unflavored Shelf-Stable Milk (Each),1
clearview elementary,Breakfast,"Lactose Free, White Milk (Each)",1
clearview elementary,Breakfast,"Milk, Lactose Free,  Fat Free, Shelf-Stable (Each)",1
clearview elementary,Lunch,Fat Free Chocolate Milk (Each),88
clearview elementary,Lunch,1% White Milk (Each),21
clearview elementary,Lunch,Fat Free White Milk (Each),8
clearview elementary,Lunch,1% Unflavored Shelf-Stable Milk (Each),1
clermont elementary,Breakfast,1% White Milk (Each),18
clermont elementary,Breakfast,Fat Free White Milk (Each),5
clermont elementary,Lunch,Fat Free Chocolate Milk (Each),18
clermont elementary,Lunch,1% White Milk (Each),4
clermont elementary,Lunch,Fat Free White Milk (Each),2
coates elementary,Breakfast,1% White Milk (Each),122
coates elementary,Breakfast,Fat Free White Milk (Each),32
coates elementary,Breakfast,1% Unflavored Shelf-Stable Milk (Each),2
coates elementary,Breakfast,Fat Free Unflavored Shelf-Stable Milk (Each),1
coates elementary,Breakfast,"Lactose Free, White Milk (Each)",1
coates elementary,Breakfast,"Milk, Lactose Free,  Fat Free, Shelf-Stable (Each)",1
coates elementary,Lunch,Fat Free Chocolate Milk (Each),119
coates elementary,Lunch,1% White Milk (Each),29
coates elementary,Lunch,Fat Free White Milk (Each),10
coates elementary,Lunch,1% Unflavored Shelf-Stable Milk (Each),1
colin powell elementary,Breakfast,1% White Milk (Each),14
colin powell elementary,Breakfast,Fat Free White Milk (Each),4
colin powell elementary,Lunch,Fat Free Chocolate Milk (Each),13
colin powell elementary,Lunch,1% White Milk (Each),3
colin powell elementary,Lunch,Fat Free White Milk (Each),1
columbia elementary,Breakfast,1% White Milk (Each),36
columbia elementary,Breakfast,Fat Free White Milk (Each),9
columbia elementary,Breakfast,1% Unflavored Shelf-Stable Milk (Each),1
columbia elementary,Lunch,Fat Free Chocolate Milk (Each),35
columbia elementary,Lunch,1% White Milk (Each),8
columbia elementary,Lunch,Fat Free White Milk (Each),3
colvin run elementary,Breakfast,1% White Milk (Each),4
colvin run elementary,Breakfast,Fat Free White Milk (Each),1
colvin run elementary,Lunch,Fat Free Chocolate Milk (Each),4
colvin run elementary,Lunch,1% White Milk (Each),1
cooper middle,Breakfast,1% White Milk (Each),2
cooper middle,Breakfast,Fat Free White Milk (Each),1
cooper middle,Lunch,Fat Free Chocolate Milk (Each),2
cooper middle,Lunch,1% White Milk (Each),1
crestwood elementary,Breakfast,1% White Milk (Each),119
crestwood elementary,Breakfast,Fat Free White Milk (Each),32
crestwood elementary,Breakfast,1% Unflavored Shelf-Stable Milk (Each),2
crestwood elementary,Breakfast,Fat Free Unflavored Shelf-Stable Milk (Each),1
crestwood elementary,Breakfast,"Lactose Free, White Milk (Each)",1
crestwood elementary,Breakfast,"Milk, Lactose Free,  Fat Free, Shelf-Stable (Each)",1
crestwood elementary,Lunch,Fat Free Chocolate Milk (Each),116
crestwood elementary,Lunch,1% White Milk (Each),28
crestwood elementary,Lunch,Fat Free White Milk (Each),10
crestwood elementary,Lunch,1% Unflavored Shelf-Stable Milk (Each),1
crossfield elementary,Breakfast,1% White Milk (Each),9
crossfield elementary,Breakfast,Fat Free White Milk (Each),2
crossfield elementary,Lunch,Fat Free Chocolate Milk (Each),9
crossfield elementary,Lunch,1% White Milk (Each),2
crossfield elementary,Lunch,Fat Free White Milk (Each),1
cub run elementary,Breakfast,1% White Milk (Each),19
cub run elementary,Breakfast,Fat Free White Milk (Each),5
cub run elementary,Lunch,Fat Free Chocolate Milk (Each),19
cub run elementary,Lunch,1% White Milk (Each),4
cub run elementary,Lunch,Fat Free White Milk (Each),2
cunningham park elementary,Breakfast,1% White Milk (Each),22
cunningham park elementary,Breakfast,Fat Free White Milk (Each),6
cunningham park elementary,Lunch,Fat Free Chocolate Milk (Each),22
cunningham park elementary,Lunch,1% White Milk (Each),5
cunningham park elementary,Lunch,Fat Free White Milk (Each),2
daniels run elementary,Breakfast,1% White Milk (Each),31
daniels run elementary,Breakfast,Fat Free White Milk (Each),8
daniels run elementary,Breakfast,1% Unflavored Shelf-Stable Milk (Each),1
daniels run elementary,Lunch,Fat Free Chocolate Milk (Each),31
daniels run elementary,Lunch,1% White Milk (Each),7
daniels run elementary,Lunch,Fat Free White Milk (Each),3
deer park elementary,Breakfast,1% White Milk (Each),31
deer park elementary,Breakfast,Fat Free White Milk (Each),8
deer park elementary,Breakfast,1% Unflavored Shelf-Stable Milk (Each),1
deer park elementary,Lunch,Fat Free Chocolate Milk (Each),31
deer park elementary,Lunch,1% White Milk (Each),7
deer park elementary,Lunch,Fat Free White Milk (Each),3
dogwood elementary,Breakfast,1% White Milk (Each),133
dogwood elementary,Breakfast,Fat Free White Milk (Each),35
dogwood elementary,Breakfast,1% Unflavored Shelf-Stable Milk (Each),2
dogwood elementary,Breakfast,Fat Free Unflavored Shelf-Stable Milk (Each),1
dogwood elementary,Breakfast,"Lactose Free, White Milk (Each)",1
dogwood elementary,Breakfast,"Milk, Lactose Free,  Fat Free, Shelf-Stable (Each)",1
dogwood elementary,Lunch,Fat Free Chocolate Milk (Each),130
dogwood elementary,Lunch,1% White Milk (Each),31
dogwood elementary,Lunch,Fat Free White Milk (Each),11
dogwood elementary,Lunch,1% Unflavored Shelf-Stable Milk (Each),1
dranesville elementary,Breakfast,1% White Milk (Each),113
dranesville elementary,Breakfast,Fat Free White Milk (Each),30
dranesville elementary,Breakfast,1% Unflavored Shelf-Stable Milk (Each),2
dranesville elementary,Breakfast,Fat Free Unflavored Shelf-Stable Milk (Each),1
dranesville elementary,Breakfast,"Lactose Free, White Milk (Each)",1
dranesville elementary,Breakfast,"Milk, Lactose Free,  Fat Free, Shelf-Stable (Each)",1
dranesville elementary,Lunch,Fat Free Chocolate Milk (Each),110
dranesville elementary,Lunch,1% White Milk (Each),26
dranesville elementary,Lunch,Fat Free White Milk (Each),10
dranesville elementary,Lunch,1% Unflavored Shelf-Stable Milk (Each),1
eagle view elementary,Breakfast,1% White Milk (Each),45
eagle view elementary,Breakfast,Fat Free White Milk (Each),12
eagle view elementary,Breakfast,1% Unflavored Shelf-Stable Milk (Each),1
eagle view elementary,Lunch,Fat Free Chocolate Milk (Each),44
eagle view elementary,Lunch,1% White Milk (Each),11
eagle view elementary,Lunch,Fat Free White Milk (Each),4
edison high,Breakfast,1% White Milk (Each),22
edison high,Breakfast,Fat Free White Milk (Each),6
edison high,Lunch,Fat Free Chocolate Milk (Each),22
edison high,Lunch,1% White Milk (Each),5
edison high,Lunch,Fat Free White Milk (Each),2
fairfax high,Breakfast,1% White Milk (Each),27
fairfax high,Breakfast,Fat Free White Milk (Each),7
fairfax high,Lunch,Fat Free Chocolate Milk (Each),26
fairfax high,Lunch,1% White Milk (Each),6
fairfax high,Lunch,Fat Free White Milk (Each),2
fairfax villa elementary,Breakfast,1% White Milk (Each),22
fairfax villa elementary,Breakfast,Fat Free White Milk (Each),6
fairfax villa elementary,Lunch,Fat Free Chocolate Milk (Each),22
fairfax villa elementary,Lunch,1% White Milk (Each),5
fairfax villa elementary,Lunch,Fat Free White Milk (Each),2
fairhill elementary,Breakfast,1% White Milk (Each),37
fairhill elementary,Breakfast,Fat Free White Milk (Each),10
fairhill elementary,Breakfast,1% Unflavored Shelf-Stable Milk (Each),1
fairhill elementary,Lunch,Fat Free Chocolate Milk (Each),37
fairhill elementary,Lunch,1% White Milk (Each),9
fairhill elementary,Lunch,Fat Free White Milk (Each),3
fairview elementary,Breakfast,1% White Milk (Each),8
fairview elementary,Breakfast,Fat Free White Milk (Each),2
fairview elementary,Lunch,Fat Free Chocolate Milk (Each),8
fairview elementary,Lunch,1% White Milk (Each),2
fairview elementary,Lunch,Fat Free White Milk (Each),1
falls church hs,Breakfast,1% White Milk (Each),86
falls church hs,Breakfast,Fat Free White Milk (Each),23
falls church hs,Breakfast,1% Unflavored Shelf-Stable Milk (Each),2
falls church hs,Breakfast,Fat Free Unflavored Shelf-Stable Milk (Each),1
falls church hs,Breakfast,"Lactose Free, White Milk (Each)",1
falls church hs,Breakfast,"Milk, Lactose Free,  Fat Free, Shelf-Stable (Each)",1
falls church hs,Lunch,Fat Free Chocolate Milk (Each),84
falls church hs,Lunch,1% White Milk (Each),20
falls church hs,Lunch,Fat Free White Milk (Each),7
falls church hs,Lunch,1% Unflavored Shelf-Stable Milk (Each),1
flint hill elementary,Breakfast,1% White Milk (Each),8
flint hill elementary,Breakfast,Fat Free White Milk (Each),2
flint hill elementary,Lunch,Fat Free Chocolate Milk (Each),8
flint hill elementary,Lunch,1% White Milk (Each),2
flint hill elementary,Lunch,Fat Free White Milk (Each),1
floris elementary,Breakfast,1% White Milk (Each),12
floris elementary,Breakfast,Fat Free White Milk (Each),3
floris elementary,Lunch,Fat Free Chocolate Milk (Each),12
floris elementary,Lunch,1% White Milk (Each),3
floris elementary,Lunch,Fat Free White Milk (Each),1
forest edge elementary,Breakfast,1% White Milk (Each),99
forest edge elementary,Breakfast,Fat Free White Milk (Each),26
forest edge elementary,Breakfast,1% Unflavored Shelf-Stable Milk (Each),2
forest edge elementary,Breakfast,Fat Free Unflavored Shelf-Stable Milk (Each),1
forest edge elementary,Breakfast,"Lactose Free, White Milk (Each)",1
forest edge elementary,Breakfast,"Milk, Lactose Free,  Fat Free, Shelf-Stable (Each)",1
forest edge elementary,Lunch,Fat Free Chocolate Milk (Each),97
forest edge elementary,Lunch,1% White Milk (Each),23
forest edge elementary,Lunch,Fat Free White Milk (Each),9
forest edge elementary,Lunch,1% Unflavored Shelf-Stable Milk (Each),1
forestdale elementary,Breakfast,1% White Milk (Each),54
forestdale elementary,Breakfast,Fat Free White Milk (Each),14
forestdale elementary,Breakfast,1% Unflavored Shelf-Stable Milk (Each),1
forestdale elementary,Lunch,Fat Free Chocolate Milk (Each),53
forestdale elementary,Lunch,1% White Milk (Each),13
forestdale elementary,Lunch,Fat Free White Milk (Each),5
forestville elementary,Breakfast,1% White Milk (Each),5
forestville elementary,Breakfast,Fat Free White Milk (Each),1
forestville elementary,Lunch,Fat Free Chocolate Milk (Each),5
forestville elementary,Lunch,1% White Milk (Each),1
fort belvoir primary elementary,Breakfast,1% White Milk (Each),124
fort belvoir primary elementary,Breakfast,Fat Free White Milk (Each),33
fort belvoir primary elementary,Breakfast,1% Unflavored Shelf-Stable Milk (Each),2
fort belvoir primary elementary,Breakfast,Fat Free Unflavored Shelf-Stable Milk (Each),1
fort belvoir primary elementary,Breakfast,"Lactose Free, White Milk (Each)",1
fort belvoir primary elementary,Breakfast,"Milk, Lactose Free,  Fat Free, Shelf-Stable (Each)",1
fort belvoir primary elementary,Lunch,Fat Free Chocolate Milk (Each),122
fort belvoir primary elementary,Lunch,1% White Milk (Each),29
fort belvoir primary elementary,Lunch,Fat Free White Milk (Each),11
fort belvoir primary elementary,Lunch,1% Unflavored Shelf-Stable Milk (Each),1
fort belvoir upper elementary,Breakfast,1% White Milk (Each),59
fort belvoir upper elementary,Breakfast,Fat Free White Milk (Each),16
fort belvoir upper elementary,Breakfast,1% Unflavored Shelf-Stable Milk (Each),1
fort belvoir upper elementary,Breakfast,"Milk, Lactose Free,  Fat Free, Shelf-Stable (Each)",1
fort belvoir upper elementary,Lunch,Fat Free Chocolate Milk (Each),57
fort belvoir upper elementary,Lunch,1% White Milk (Each),14
fort belvoir upper elementary,Lunch,Fat Free White Milk (Each),5
fort hunt elementary,Breakfast,1% White Milk (Each),21
fort hunt elementary,Breakfast,Fat Free White Milk (Each),5
fort hunt elementary,Lunch,Fat Free Chocolate Milk (Each),20
fort hunt elementary,Lunch,1% White Milk (Each),5
fort hunt elementary,Lunch,Fat Free White Milk (Each),2
fox mill elementary,Breakfast,1% White Milk (Each),5
fox mill elementary,Breakfast,Fat Free White Milk (Each),1
fox mill elementary,Lunch,Fat Free Chocolate Milk (Each),5
fox mill elementary,Lunch,1% White Milk (Each),1
franconia elementary,Breakfast,1% White Milk (Each),18
franconia elementary,Breakfast,Fat Free White Milk (Each),5
franconia elementary,Lunch,Fat Free Chocolate Milk (Each),17
franconia elementary,Lunch,1% White Milk (Each),4
franconia elementary,Lunch,Fat Free White Milk (Each),2
franklin middle,Breakfast,1% White Milk (Each),11
franklin middle,Breakfast,Fat Free White Milk (Each),3
franklin middle,Lunch,Fat Free Chocolate Milk (Each),10
franklin middle,Lunch,1% White Milk (Each),2
franklin middle,Lunch,Fat Free White Milk (Each),1
franklin sherman elementary,Breakfast,1% White Milk (Each),7
franklin sherman elementary,Breakfast,Fat Free White Milk (Each),2
franklin sherman elementary,Lunch,Fat Free Chocolate Milk (Each),7
franklin sherman elementary,Lunch,1% White Milk (Each),2
franklin sherman elementary,Lunch,Fat Free White Milk (Each),1
freedom hill elementary,Breakfast,1% White Milk (Each),43
freedom hill elementary,Breakfast,Fat Free White Milk (Each),11
freedom hill elementary,Breakfast,1% Unflavored Shelf-Stable Milk (Each),1
freedom hill elementary,Lunch,Fat Free Chocolate Milk (Each),42
freedom hill elementary,Lunch,1% White Milk (Each),10
freedom hill elementary,Lunch,Fat Free White Milk (Each),4
frost middle,Breakfast,1% White Milk (Each),12
frost middle,Breakfast,Fat Free White Milk (Each),3
frost middle,Lunch,Fat Free Chocolate Milk (Each),12
frost middle,Lunch,1% White Milk (Each),3
frost middle,Lunch,Fat Free White Milk (Each),1
garfield elementary,Breakfast,1% White Milk (Each),38
garfield elementary,Breakfast,Fat Free White Milk (Each),10
garfield elementary,Breakfast,1% Unflavored Shelf-Stable Milk (Each),1
garfield elementary,Lunch,Fat Free Chocolate Milk (Each),37
garfield elementary,Lunch,1% White Milk (Each),9
garfield elementary,Lunch,Fat Free White Milk (Each),3
glasgow middle,Breakfast,1% White Milk (Each),67
glasgow middle,Breakfast,Fat Free White Milk (Each),18
glasgow middle,Breakfast,1% Unflavored Shelf-Stable Milk (Each),1
glasgow middle,Breakfast,"Lactose Free, White Milk (Each)",1
glasgow middle,Breakfast,"Milk, Lactose Free,  Fat Free, Shelf-Stable (Each)",1
glasgow middle,Lunch,Fat Free Chocolate Milk (Each),66
glasgow middle,Lunch,1% White Milk (Each),16
glasgow middle,Lunch,Fat Free White Milk (Each),6
glen forest elementary,Breakfast,1% White Milk (Each),128
glen forest elementary,Breakfast,Fat Free White Milk (Each),34
glen forest elementary,Breakfast,1% Unflavored Shelf-Stable Milk (Each),2
glen forest elementary,Breakfast,Fat Free Unflavored Shelf-Stable Milk (Each),1
glen forest elementary,Breakfast,"Lactose Free, White Milk (Each)",1
glen forest elementary,Breakfast,"Milk, Lactose Free,  Fat Free, Shelf-Stable (Each)",1
glen forest elementary,Lunch,Fat Free Chocolate Milk (Each),125
glen forest elementary,Lunch,1% White Milk (Each),30
glen forest elementary,Lunch,Fat Free White Milk (Each),11
glen forest elementary,Lunch,1% Unflavored Shelf-Stable Milk (Each),1
graham road elementary,Breakfast,1% White Milk (Each),69
graham road elementary,Breakfast,Fat Free White Milk (Each),18
graham road elementary,Breakfast,1% Unflavored Shelf-Stable Milk (Each),1
graham road elementary,Breakfast,Fat Free Unflavored Shelf-Stable Milk (Each),1
graham road elementary,Breakfast,"Lactose Free, White Milk (Each)",1
graham road elementary,Breakfast,"Milk, Lactose Free,  Fat Free, Shelf-Stable (Each)",1
graham road elementary,Lunch,Fat Free Chocolate Milk (Each),68
graham road elementary,Lunch,1% White Milk (Each),16
graham road elementary,Lunch,Fat Free White Milk (Each),6
great falls elementary,Breakfast,1% White Milk (Each),5
great falls elementary,Breakfast,Fat Free White Milk (Each),1
great falls elementary,Lunch,Fat Free Chocolate Milk (Each),5
great falls elementary,Lunch,1% White Milk (Each),1
greenbriar east elementary,Breakfast,1% White Milk (Each),57
greenbriar east elementary,Breakfast,Fat Free White Milk (Each),15
greenbriar east elementary,Breakfast,1% Unflavored Shelf-Stable Milk (Each),1
greenbriar east elementary,Lunch,Fat Free Chocolate Milk (Each),56
greenbriar east elementary,Lunch,1% White Milk (Each),13
greenbriar east elementary,Lunch,Fat Free White Milk (Each),5
greenbriar west elementary,Breakfast,1% White Milk (Each),20
greenbriar west elementary,Breakfast,Fat Free White Milk (Each),5
greenbriar west elementary,Lunch,Fat Free Chocolate Milk (Each),19
greenbriar west elementary,Lunch,1% White Milk (Each),5
greenbriar west elementary,Lunch,Fat Free White Milk (Each),2
groveton elementary,Breakfast,1% White Milk (Each),139
groveton elementary,Breakfast,Fat Free White Milk (Each),37
groveton elementary,Breakfast,1% Unflavored Shelf-Stable Milk (Each),3
groveton elementary,Breakfast,Fat Free Unflavored Shelf-Stable Milk (Each),1
groveton elementary,Breakfast,"Lactose Free, White Milk (Each)",1
groveton elementary,Breakfast,"Milk, Lactose Free,  Fat Free, Shelf-Stable (Each)",1
groveton elementary,Lunch,Fat Free Chocolate Milk (Each),136
groveton elementary,Lunch,1% White Milk (Each),32
groveton elementary,Lunch,Fat Free White Milk (Each),12
groveton elementary,Lunch,1% Unflavored Shelf-Stable Milk (Each),1
gunston elementary,Breakfast,1% White Milk (Each),44
gunston elementary,Breakfast,Fat Free White Milk (Each),12
gunston elementary,Breakfast,1% Unflavored Shelf-Stable Milk (Each),1
gunston elementary,Lunch,Fat Free Chocolate Milk (Each),43
gunston elementary,Lunch,1% White Milk (Each),10
gunston elementary,Lunch,Fat Free White Milk (Each),4
halley elementary,Breakfast,1% White Milk (Each),89
halley elementary,Breakfast,Fat Free White Milk (Each),24
halley elementary,Breakfast,1% Unflavored Shelf-Stable Milk (Each),2
halley elementary,Breakfast,Fat Free Unflavored Shelf-Stable Milk (Each),1
halley elementary,Breakfast,"Lactose Free, White Milk (Each)",1
halley elementary,Breakfast,"Milk, Lactose Free,  Fat Free, Shelf-Stable (Each)",1
halley elementary,Lunch,Fat Free Chocolate Milk (Each),87
halley elementary,Lunch,1% White Milk (Each),21
halley elementary,Lunch,Fat Free White Milk (Each),8
halley elementary,Lunch,1% Unflavored Shelf-Stable Milk (Each),1
haycock elementary,Breakfast,1% White Milk (Each),5
haycock elementary,Breakfast,Fat Free White Milk (Each),1
haycock elementary,Lunch,Fat Free Chocolate Milk (Each),4
haycock elementary,Lunch,1% White Milk (Each),1
hayfield elementary,Breakfast,1% White Milk (Each),13
hayfield elementary,Breakfast,Fat Free White Milk (Each),3
hayfield elementary,Lunch,Fat Free Chocolate Milk (Each),13
hayfield elementary,Lunch,1% White Milk (Each),3
hayfield elementary,Lunch,Fat Free White Milk (Each),1
hayfield ss,Breakfast,1% White Milk (Each),28
hayfield ss,Breakfast,Fat Free White Milk (Each),7
hayfield ss,Breakfast,1% Unflavored Shelf-Stable Milk (Each),1
hayfield ss,Lunch,Fat Free Chocolate Milk (Each),28
hayfield ss,Lunch,1% White Milk (Each),7
hayfield ss,Lunch,Fat Free White Milk (Each),2
herndon elementary,Breakfast,1% White Milk (Each),155
herndon elementary,Breakfast,Fat Free White Milk (Each),41
herndon elementary,Breakfast,1% Unflavored Shelf-Stable Milk (Each),3
herndon elementary,Breakfast,Fat Free Unflavored Shelf-Stable Milk (Each),1
herndon elementary,Breakfast,"Lactose Free, White Milk (Each)",1
herndon elementary,Breakfast,"Milk, Lactose Free,  Fat Free, Shelf-Stable (Each)",1
herndon elementary,Lunch,Fat Free Chocolate Milk (Each),151
herndon elementary,Lunch,1% White Milk (Each),36
herndon elementary,Lunch,Fat Free White Milk (Each),13
herndon elementary,Lunch,1% Unflavored Shelf-Stable Milk (Each),1
herndon hs,Breakfast,1% White Milk (Each),29
herndon hs,Breakfast,Fat Free White Milk (Each),8
herndon hs,Breakfast,1% Unflavored Shelf-Stable Milk (Each),1
herndon hs,Lunch,Fat Free Chocolate Milk (Each),28
herndon hs,Lunch,1% White Milk (Each),7
herndon hs,Lunch,Fat Free White Milk (Each),2
herndon middle,Breakfast,1% White Milk (Each),43
herndon middle,Breakfast,Fat Free White Milk (Each),11
herndon middle,Breakfast,1% Unflavored Shelf-Stable Milk (Each),1
herndon middle,Lunch,Fat Free Chocolate Milk (Each),42
herndon middle,Lunch,1% White Milk (Each),10
herndon middle,Lunch,Fat Free White Milk (Each),4
hollin meadows elementary,Breakfast,1% White Milk (Each),64
hollin meadows elementary,Breakfast,Fat Free White Milk (Each),17
hollin meadows elementary,Breakfast,1% Unflavored Shelf-Stable Milk (Each),1
hollin meadows elementary,Breakfast,"Lactose Free, White Milk (Each)",1
hollin meadows elementary,Breakfast,"Milk, Lactose Free,  Fat Free, Shelf-Stable (Each)",1
hollin meadows elementary,Lunch,Fat Free Chocolate Milk (Each),63
hollin meadows elementary,Lunch,1% White Milk (Each),15
hollin meadows elementary,Lunch,Fat Free White Milk (Each),6
holmes middle,Breakfast,1% White Milk (Each),53
holmes middle,Breakfast,Fat Free White Milk (Each),14
holmes middle,Breakfast,1% Unflavored Shelf-Stable Milk (Each),1
holmes middle,Lunch,Fat Free Chocolate Milk (Each),52
holmes middle,Lunch,1% White Milk (Each),12
holmes middle,Lunch,Fat Free White Milk (Each),5
hughes middle,Breakfast,1% White Milk (Each),9
hughes middle,Breakfast,Fat Free White Milk (Each),2
hughes middle,Lunch,Fat Free Chocolate Milk (Each),9
hughes middle,Lunch,1% White Milk (Each),2
hughes middle,Lunch,Fat Free White Milk (Each),1
hunt valley elementary,Breakfast,1% White Milk (Each),14
hunt valley elementary,Breakfast,Fat Free White Milk (Each),4
hunt valley elementary,Lunch,Fat Free Chocolate Milk (Each),13
hunt valley elementary,Lunch,1% White Milk (Each),3
hunt valley elementary,Lunch,Fat Free White Milk (Each),1
hunters woods elementary,Breakfast,1% White Milk (Each),31
hunters woods elementary,Breakfast,Fat Free White Milk (Each),8
hunters woods elementary,Breakfast,1% Unflavored Shelf-Stable Milk (Each),1
hunters woods elementary,Lunch,Fat Free Chocolate Milk (Each),30
hunters woods elementary,Lunch,1% White Milk (Each),7
hunters woods elementary,Lunch,Fat Free White Milk (Each),3
hutchison elementary,Breakfast,1% White Milk (Each),105
hutchison elementary,Breakfast,Fat Free White Milk (Each),28
hutchison elementary,Breakfast,1% Unflavored Shelf-Stable Milk (Each),2
hutchison elementary,Breakfast,Fat Free Unflavored Shelf-Stable Milk (Each),1
hutchison elementary,Breakfast,"Lactose Free, White Milk (Each)",1
hutchison elementary,Breakfast,"Milk, Lactose Free,  Fat Free, Shelf-Stable (Each)",1
hutchison elementary,Lunch,Fat Free Chocolate Milk (Each),102
hutchison elementary,Lunch,1% White Milk (Each),24
hutchison elementary,Lunch,Fat Free White Milk (Each),9
hutchison elementary,Lunch,1% Unflavored Shelf-Stable Milk (Each),1
hybla valley elementary,Breakfast,1% White Milk (Each),135
hybla valley elementary,Breakfast,Fat Free White Milk (Each),36
hybla valley elementary,Breakfast,1% Unflavored Shelf-Stable Milk (Each),3
hybla valley elementary,Breakfast,Fat Free Unflavored Shelf-Stable Milk (Each),1
hybla valley elementary,Breakfast,"Lactose Free, White Milk (Each)",1
hybla valley elementary,Breakfast,"Milk, Lactose Free,  Fat Free, Shelf-Stable (Each)",1
hybla valley elementary,Lunch,Fat Free Chocolate Milk (Each),132
hybla valley elementary,Lunch,1% White Milk (Each),32
hybla valley elementary,Lunch,Fat Free White Milk (Each),12
hybla valley elementary,Lunch,1% Unflavored Shelf-Stable Milk (Each),1
irving middle,Breakfast,1% White Milk (Each),15
irving middle,Breakfast,Fat Free White Milk (Each),4
irving middle,Lunch,Fat Free Chocolate Milk (Each),14
irving middle,Lunch,1% White Milk (Each),3
irving middle,Lunch,Fat Free White Milk (Each),1
island creek elementary,Breakfast,1% White Milk (Each),13
island creek elementary,Breakfast,Fat Free White Milk (Each),3
island creek elementary,Lunch,Fat Free Chocolate Milk (Each),13
island creek elementary,Lunch,1% White Milk (Each),3
island creek elementary,Lunch,Fat Free White Milk (Each),1
jefferson high,Breakfast,1% White Milk (Each),44
jefferson high,Breakfast,Fat Free White Milk (Each),12
jefferson high,Breakfast,1% Unflavored Shelf-Stable Milk (Each),1
jefferson high,Lunch,Fat Free Chocolate Milk (Each),43
jefferson high,Lunch,1% White Milk (Each),10
jefferson high,Lunch,Fat Free White Milk (Each),4
johnson middle,Breakfast,1% White Milk (Each),19
johnson middle,Breakfast,Fat Free White Milk (Each),5
johnson middle,Lunch,Fat Free Chocolate Milk (Each),19
johnson middle,Lunch,1% White Milk (Each),4
johnson middle,Lunch,Fat Free White Milk (Each),2
justice high,Breakfast,1% White Milk (Each),65
justice high,Breakfast,Fat Free White Milk (Each),17
justice high,Breakfast,1% Unflavored Shelf-Stable Milk (Each),1
justice high,Breakfast,"Lactose Free, White Milk (Each)",1
justice high,Breakfast,"Milk, Lactose Free,  Fat Free, Shelf-Stable (Each)",1
justice high,Lunch,Fat Free Chocolate Milk (Each),63
justice high,Lunch,1% White Milk (Each),15
justice high,Lunch,Fat Free White Milk (Each),6
keene mill elementary,Breakfast,1% White Milk (Each),46
keene mill elementary,Breakfast,Fat Free White Milk (Each),12
keene mill elementary,Breakfast,1% Unflavored Shelf-Stable Milk (Each),1
keene mill elementary,Lunch,Fat Free Chocolate Milk (Each),45
keene mill elementary,Lunch,1% White Milk (Each),11
keene mill elementary,Lunch,Fat Free White Milk (Each),4
kent gardens elementary,Breakfast,1% White Milk (Each),4
kent gardens elementary,Breakfast,Fat Free White Milk (Each),1
kent gardens elementary,Lunch,Fat Free Chocolate Milk (Each),4
kent gardens elementary,Lunch,1% White Milk (Each),1
key middle,Breakfast,1% White Milk (Each),20
key middle,Breakfast,Fat Free White Milk (Each),5
key middle,Lunch,Fat Free Chocolate Milk (Each),19
key middle,Lunch,1% White Milk (Each),5
key middle,Lunch,Fat Free White Milk (Each),2
kilmer middle,Breakfast,1% White Milk (Each),24
kilmer middle,Breakfast,Fat Free White Milk (Each),6
kilmer middle,Lunch,Fat Free Chocolate Milk (Each),24
kilmer middle,Lunch,1% White Milk (Each),6
kilmer middle,Lunch,Fat Free White Milk (Each),2
kings glen elementary,Breakfast,1% White Milk (Each),11
kings glen elementary,Breakfast,Fat Free White Milk (Each),3
kings glen elementary,Lunch,Fat Free Chocolate Milk (Each),10
kings glen elementary,Lunch,1% White Milk (Each),2
kings glen elementary,Lunch,Fat Free White Milk (Each),1
kings park elementary,Breakfast,1% White Milk (Each),82
kings park elementary,Breakfast,Fat Free White Milk (Each),22
kings park elementary,Breakfast,1% Unflavored Shelf-Stable Milk (Each),2
kings park elementary,Breakfast,Fat Free Unflavored Shelf-Stable Milk (Each),1
kings park elementary,Breakfast,"Lactose Free, White Milk (Each)",1
kings park elementary,Breakfast,"Milk, Lactose Free,  Fat Free, Shelf-Stable (Each)",1
kings park elementary,Lunch,Fat Free Chocolate Milk (Each),81
kings park elementary,Lunch,1% White Milk (Each),19
kings park elementary,Lunch,Fat Free White Milk (Each),7
lake anne elementary,Breakfast,1% White Milk (Each),49
lake anne elementary,Breakfast,Fat Free White Milk (Each),13
lake anne elementary,Breakfast,1% Unflavored Shelf-Stable Milk (Each),1
lake anne elementary,Lunch,Fat Free Chocolate Milk (Each),48
lake anne elementary,Lunch,1% White Milk (Each),11
lake anne elementary,Lunch,Fat Free White Milk (Each),4
lake braddock secondary,Breakfast,1% White Milk (Each),23
lake braddock secondary,Breakfast,Fat Free White Milk (Each),6
lake braddock secondary,Lunch,Fat Free Chocolate Milk (Each),22
lake braddock secondary,Lunch,1% White Milk (Each),5
lake braddock secondary,Lunch,Fat Free White Milk (Each),2
lane elementary,Breakfast,1% White Milk (Each),38
lane elementary,Breakfast,Fat Free White Milk (Each),10
lane elementary,Breakfast,1% Unflavored Shelf-Stable Milk (Each),1
lane elementary,Lunch,Fat Free Chocolate Milk (Each),37
lane elementary,Lunch,1% White Milk (Each),9
lane elementary,Lunch,Fat Free White Milk (Each),3
langley high,Breakfast,1% White Milk (Each),11
langley high,Breakfast,Fat Free White Milk (Each),3
langley high,Lunch,Fat Free Chocolate Milk (Each),11
langley high,Lunch,1% White Milk (Each),3
langley high,Lunch,Fat Free White Milk (Each),1
laurel hill elementary,Breakfast,1% White Milk (Each),24
laurel hill elementary,Breakfast,Fat Free White Milk (Each),6
laurel hill elementary,Lunch,Fat Free Chocolate Milk (Each),24
laurel hill elementary,Lunch,1% White Milk (Each),6
laurel hill elementary,Lunch,Fat Free White Milk (Each),2
laurel ridge elementary,Breakfast,1% White Milk (Each),34
laurel ridge elementary,Breakfast,Fat Free White Milk (Each),9
laurel ridge elementary,Breakfast,1% Unflavored Shelf-Stable Milk (Each),1
laurel ridge elementary,Lunch,Fat Free Chocolate Milk (Each),34
laurel ridge elementary,Lunch,1% White Milk (Each),8
laurel ridge elementary,Lunch,Fat Free White Milk (Each),3
lees corner elementary,Breakfast,1% White Milk (Each),13
lees corner elementary,Breakfast,Fat Free White Milk (Each),3
lees corner elementary,Lunch,Fat Free Chocolate Milk (Each),13
lees corner elementary,Lunch,1% White Milk (Each),3
lees corner elementary,Lunch,Fat Free White Milk (Each),1
lemon road elementary,Breakfast,1% White Milk (Each),21
lemon road elementary,Breakfast,Fat Free White Milk (Each),6
lemon road elementary,Lunch,Fat Free Chocolate Milk (Each),21
lemon road elementary,Lunch,1% White Milk (Each),5
lemon road elementary,Lunch,Fat Free White Milk (Each),2
lewis high,Breakfast,1% White Milk (Each),42
lewis high,Breakfast,Fat Free White Milk (Each),11
lewis high,Breakfast,1% Unflavored Shelf-Stable Milk (Each),1
lewis high,Lunch,Fat Free Chocolate Milk (Each),41
lewis high,Lunch,1% White Milk (Each),10
lewis high,Lunch,Fat Free White Milk (Each),4
liberty middle,Breakfast,1% White Milk (Each),5
liberty middle,Breakfast,Fat Free White Milk (Each),1
liberty middle,Lunch,Fat Free Chocolate Milk (Each),4
liberty middle,Lunch,1% White Milk (Each),1
little run elementary,Breakfast,1% White Milk (Each),11
little run elementary,Breakfast,Fat Free White Milk (Each),3
little run elementary,Lunch,Fat Free Chocolate Milk (Each),11
little run elementary,Lunch,1% White Milk (Each),3
little run elementary,Lunch,Fat Free White Milk (Each),1
london towne elementary,Breakfast,1% White Milk (Each),61
london towne elementary,Breakfast,Fat Free White Milk (Each),16
london towne elementary,Breakfast,1% Unflavored Shelf-Stable Milk (Each),1
london towne elementary,Breakfast,"Milk, Lactose Free,  Fat Free, Shelf-Stable (Each)",1
london towne elementary,Lunch,Fat Free Chocolate Milk (Each),60
london towne elementary,Lunch,1% White Milk (Each),14
london towne elementary,Lunch,Fat Free White Milk (Each),5
longfellow middle,Breakfast,1% White Milk (Each),11
longfellow middle,Breakfast,Fat Free White Milk (Each),3
longfellow middle,Lunch,Fat Free Chocolate Milk (Each),11
longfellow middle,Lunch,1% White Milk (Each),3
longfellow middle,Lunch,Fat Free White Milk (Each),1
lorton station elementary,Breakfast,1% White Milk (Each),86
lorton station elementary,Breakfast,Fat Free White Milk (Each),23
lorton station elementary,Breakfast,1% Unflavored Shelf-Stable Milk (Each),2
lorton station elementary,Breakfast,Fat Free Unflavored Shelf-Stable Milk (Each),1
lorton station elementary,Breakfast,"Lactose Free, White Milk (Each)",1
lorton station elementary,Breakfast,"Milk, Lactose Free,  Fat Free, Shelf-Stable (Each)",1
lorton station elementary,Lunch,Fat Free Chocolate Milk (Each),84
lorton station elementary,Lunch,1% White Milk (Each),20
lorton station elementary,Lunch,Fat Free White Milk (Each),7
lorton station elementary,Lunch,1% Unflavored Shelf-Stable Milk (Each),1
louise archer elementary,Breakfast,1% White Milk (Each),18
louise archer elementary,Breakfast,Fat Free White Milk (Each),5
louise archer elementary,Lunch,Fat Free Chocolate Milk (Each),17
louise archer elementary,Lunch,1% White Milk (Each),4
louise archer elementary,Lunch,Fat Free White Milk (Each),2
luther jackson middle,Breakfast,1% White Milk (Each),5
luther jackson middle,Breakfast,Fat Free White Milk (Each),1
luther jackson middle,Lunch,Fat Free Chocolate Milk (Each),4
luther jackson middle,Lunch,1% White Milk (Each),1
lynbrook elementary,Breakfast,1% White Milk (Each),108
lynbrook elementary,Breakfast,Fat Free White Milk (Each),29
lynbrook elementary,Breakfast,1% Unflavored Shelf-Stable Milk (Each),2
lynbrook elementary,Breakfast,Fat Free Unflavored Shelf-Stable Milk (Each),1
lynbrook elementary,Breakfast,"Lactose Free, White Milk (Each)",1
lynbrook elementary,Breakfast,"Milk, Lactose Free,  Fat Free, Shelf-Stable (Each)",1
lynbrook elementary,Lunch,Fat Free Chocolate Milk (Each),106
lynbrook elementary,Lunch,1% White Milk (Each),25
lynbrook elementary,Lunch,Fat Free White Milk (Each),9
lynbrook elementary,Lunch,1% Unflavored Shelf-Stable Milk (Each),1
madison high,Breakfast,1% White Milk (Each),6
madison high,Breakfast,Fat Free White Milk (Each),2
madison high,Lunch,Fat Free Chocolate Milk (Each),6
madison high,Lunch,1% White Milk (Each),1
madison high,Lunch,Fat Free White Milk (Each),1
mantua elementary,Breakfast,1% White Milk (Each),19
mantua elementary,Breakfast,Fat Free White Milk (Each),5
mantua elementary,Lunch,Fat Free Chocolate Milk (Each),19
mantua elementary,Lunch,1% White Milk (Each),4
mantua elementary,Lunch,Fat Free White Milk (Each),2
marshall hs,Breakfast,1% White Milk (Each),25
marshall hs,Breakfast,Fat Free White Milk (Each),7
marshall hs,Lunch,Fat Free Chocolate Milk (Each),25
marshall hs,Lunch,1% White Milk (Each),6
marshall hs,Lunch,Fat Free White Milk (Each),2
marshall road elementary,Breakfast,1% White Milk (Each),31
marshall road elementary,Breakfast,Fat Free White Milk (Each),8
marshall road elementary,Breakfast,1% Unflavored Shelf-Stable Milk (Each),1
marshall road elementary,Lunch,Fat Free Chocolate Milk (Each),31
marshall road elementary,Lunch,1% White Milk (Each),7
marshall road elementary,Lunch,Fat Free White Milk (Each),3
mason crest elementary,Breakfast,1% White Milk (Each),115
mason crest elementary,Breakfast,Fat Free White Milk (Each),30
mason crest elementary,Breakfast,1% Unflavored Shelf-Stable Milk (Each),2
mason crest elementary,Breakfast,Fat Free Unflavored Shelf-Stable Milk (Each),1
mason crest elementary,Breakfast,"Lactose Free, White Milk (Each)",1
mason crest elementary,Breakfast,"Milk, Lactose Free,  Fat Free, Shelf-Stable (Each)",1
mason crest elementary,Lunch,Fat Free Chocolate Milk (Each),112
mason crest elementary,Lunch,1% White Milk (Each),27
mason crest elementary,Lunch,Fat Free White Milk (Each),10
mason crest elementary,Lunch,1% Unflavored Shelf-Stable Milk (Each),1
mclean high,Breakfast,1% White Milk (Each),25
mclean high,Breakfast,Fat Free White Milk (Each),7
mclean high,Lunch,Fat Free Chocolate Milk (Each),25
mclean high,Lunch,1% White Milk (Each),6
mclean high,Lunch,Fat Free White Milk (Each),2
mcnair elementary,Breakfast,1% White Milk (Each),95
mcnair elementary,Breakfast,Fat Free White Milk (Each),25
mcnair elementary,Breakfast,1% Unflavored Shelf-Stable Milk (Each),2
mcnair elementary,Breakfast,Fat Free Unflavored Shelf-Stable Milk (Each),1
mcnair elementary,Breakfast,"Lactose Free, White Milk (Each)",1
mcnair elementary,Breakfast,"Milk, Lactose Free,  Fat Free, Shelf-Stable (Each)",1
mcnair elementary,Lunch,Fat Free Chocolate Milk (Each),93
mcnair elementary,Lunch,1% White Milk (Each),22
mcnair elementary,Lunch,Fat Free White Milk (Each),8
mcnair elementary,Lunch,1% Unflavored Shelf-Stable Milk (Each),1
mcnair upper elementary,Breakfast,1% White Milk (Each),19
mcnair upper elementary,Breakfast,Fat Free White Milk (Each),5
mcnair upper elementary,Lunch,Fat Free Chocolate Milk (Each),19
mcnair upper elementary,Lunch,1% White Milk (Each),4
mcnair upper elementary,Lunch,Fat Free White Milk (Each),2
mosaic elementary,Breakfast,1% White Milk (Each),53
mosaic elementary,Breakfast,Fat Free White Milk (Each),14
mosaic elementary,Breakfast,1% Unflavored Shelf-Stable Milk (Each),1
mosaic elementary,Lunch,Fat Free Chocolate Milk (Each),51
mosaic elementary,Lunch,1% White Milk (Each),12
mosaic elementary,Lunch,Fat Free White Milk (Each),5
mount eagle elementary,Breakfast,1% White Milk (Each),68
mount eagle elementary,Breakfast,Fat Free White Milk (Each),18
mount eagle elementary,Breakfast,1% Unflavored Shelf-Stable Milk (Each),1
mount eagle elementary,Breakfast,"Lactose Free, White Milk (Each)",1
mount eagle elementary,Breakfast,"Milk, Lactose Free,  Fat Free, Shelf-Stable (Each)",1
mount eagle elementary,Lunch,Fat Free Chocolate Milk (Each),66
mount eagle elementary,Lunch,1% White Milk (Each),16
mount eagle elementary,Lunch,Fat Free White Milk (Each),6
mt vernon hs,Breakfast,1% White Milk (Each),97
mt vernon hs,Breakfast,Fat Free White Milk (Each),26
mt vernon hs,Breakfast,1% Unflavored Shelf-Stable Milk (Each),2
mt vernon hs,Breakfast,Fat Free Unflavored Shelf-Stable Milk (Each),1
mt vernon hs,Breakfast,"Lactose Free, White Milk (Each)",1
mt vernon hs,Breakfast,"Milk, Lactose Free,  Fat Free, Shelf-Stable (Each)",1
mt vernon hs,Lunch,Fat Free Chocolate Milk (Each),95
mt vernon hs,Lunch,1% White Milk (Each),23
mt vernon hs,Lunch,Fat Free White Milk (Each),8
mt vernon hs,Lunch,1% Unflavored Shelf-Stable Milk (Each),1
mt. vernon woods elementary,Breakfast,1% White Milk (Each),87
mt. vernon woods elementary,Breakfast,Fat Free White Milk (Each),23
mt. vernon woods elementary,Breakfast,1% Unflavored Shelf-Stable Milk (Each),2
mt. vernon woods elementary,Breakfast,Fat Free Unflavored Shelf-Stable Milk (Each),1
mt. vernon woods elementary,Breakfast,"Lactose Free, White Milk (Each)",1
mt. vernon woods elementary,Breakfast,"Milk, Lactose Free,  Fat Free, Shelf-Stable (Each)",1
mt. vernon woods elementary,Lunch,Fat Free Chocolate Milk (Each),85
mt. vernon woods elementary,Lunch,1% White Milk (Each),20
mt. vernon woods elementary,Lunch,Fat Free White Milk (Each),7
mt. vernon woods elementary,Lunch,1% Unflavored Shelf-Stable Milk (Each),1
navy elementary,Breakfast,1% White Milk (Each),11
navy elementary,Breakfast,Fat Free White Milk (Each),3
navy elementary,Lunch,Fat Free Chocolate Milk (Each),10
navy elementary,Lunch,1% White Milk (Each),2
navy elementary,Lunch,Fat Free White Milk (Each),1
newington forest elementary,Breakfast,1% White Milk (Each),29
newington forest elementary,Breakfast,Fat Free White Milk (Each),8
newington forest elementary,Breakfast,1% Unflavored Shelf-Stable Milk (Each),1
newington forest elementary,Lunch,Fat Free Chocolate Milk (Each),28
newington forest elementary,Lunch,1% White Milk (Each),7
newington forest elementary,Lunch,Fat Free White Milk (Each),2
north springfield elementary,Breakfast,1% White Milk (Each),40
north springfield elementary,Breakfast,Fat Free White Milk (Each),11
north springfield elementary,Breakfast,1% Unflavored Shelf-Stable Milk (Each),1
north springfield elementary,Lunch,Fat Free Chocolate Milk (Each),40
north springfield elementary,Lunch,1% White Milk (Each),9
north springfield elementary,Lunch,Fat Free White Milk (Each),3
oak hill elementary,Breakfast,1% White Milk (Each),37
oak hill elementary,Breakfast,Fat Free White Milk (Each),10
oak hill elementary,Breakfast,1% Unflavored Shelf-Stable Milk (Each),1
oak hill elementary,Lunch,Fat Free Chocolate Milk (Each),36
oak hill elementary,Lunch,1% White Milk (Each),9
oak hill elementary,Lunch,Fat Free White Milk (Each),3
oak view elementary,Breakfast,1% White Milk (Each),23
oak view elementary,Breakfast,Fat Free White Milk (Each),6
oak view elementary,Lunch,Fat Free Chocolate Milk (Each),22
oak view elementary,Lunch,1% White Milk (Each),5
oak view elementary,Lunch,Fat Free White Milk (Each),2
oakton elementary,Breakfast,1% White Milk (Each),12
oakton elementary,Breakfast,Fat Free White Milk (Each),3
oakton elementary,Lunch,Fat Free Chocolate Milk (Each),12
oakton elementary,Lunch,1% White Milk (Each),3
oakton elementary,Lunch,Fat Free White Milk (Each),1
oakton high,Breakfast,1% White Milk (Each),10
oakton high,Breakfast,Fat Free White Milk (Each),3
oakton high,Lunch,Fat Free Chocolate Milk (Each),10
oakton high,Lunch,1% White Milk (Each),2
oakton high,Lunch,Fat Free White Milk (Each),1
olde creek elementary,Breakfast,1% White Milk (Each),10
olde creek elementary,Breakfast,Fat Free White Milk (Each),3
olde creek elementary,Lunch,Fat Free Chocolate Milk (Each),10
olde creek elementary,Lunch,1% White Milk (Each),2
olde creek elementary,Lunch,Fat Free White Milk (Each),1
orange hunt elementary,Breakfast,1% White Milk (Each),23
orange hunt elementary,Breakfast,Fat Free White Milk (Each),6
orange hunt elementary,Lunch,Fat Free Chocolate Milk (Each),22
orange hunt elementary,Lunch,1% White Milk (Each),5
orange hunt elementary,Lunch,Fat Free White Milk (Each),2
parklawn elementary,Breakfast,1% White Milk (Each),134
parklawn elementary,Breakfast,Fat Free White Milk (Each),36
parklawn elementary,Breakfast,1% Unflavored Shelf-Stable Milk (Each),2
parklawn elementary,Breakfast,Fat Free Unflavored Shelf-Stable Milk (Each),1
parklawn elementary,Breakfast,"Lactose Free, White Milk (Each)",1
parklawn elementary,Breakfast,"Milk, Lactose Free,  Fat Free, Shelf-Stable (Each)",1
parklawn elementary,Lunch,Fat Free Chocolate Milk (Each),131
parklawn elementary,Lunch,1% White Milk (Each),31
parklawn elementary,Lunch,Fat Free White Milk (Each),12
parklawn elementary,Lunch,1% Unflavored Shelf-Stable Milk (Each),1
pine spring elementary,Breakfast,1% White Milk (Each),98
pine spring elementary,Breakfast,Fat Free White Milk (Each),26
pine spring elementary,Breakfast,1% Unflavored Shelf-Stable Milk (Each),2
pine spring elementary,Breakfast,Fat Free Unflavored Shelf-Stable Milk (Each),1
pine spring elementary,Breakfast,"Lactose Free, White Milk (Each)",1
pine spring elementary,Breakfast,"Milk, Lactose Free,  Fat Free, Shelf-Stable (Each)",1
pine spring elementary,Lunch,Fat Free Chocolate Milk (Each),95
pine spring elementary,Lunch,1% White Milk (Each),23
pine spring elementary,Lunch,Fat Free White Milk (Each),8
pine spring elementary,Lunch,1% Unflavored Shelf-Stable Milk (Each),1
poe middle,Breakfast,1% White Milk (Each),99
poe middle,Breakfast,Fat Free White Milk (Each),26
poe middle,Breakfast,1% Unflavored Shelf-Stable Milk (Each),2
poe middle,Breakfast,Fat Free Unflavored Shelf-Stable Milk (Each),1
poe middle,Breakfast,"Lactose Free, White Milk (Each)",1
poe middle,Breakfast,"Milk, Lactose Free,  Fat Free, Shelf-Stable (Each)",1
poe middle,Lunch,Fat Free Chocolate Milk (Each),97
poe middle,Lunch,1% White Milk (Each),23
poe middle,Lunch,Fat Free White Milk (Each),9
poe middle,Lunch,1% Unflavored Shelf-Stable Milk (Each),1
poplar tree elementary,Breakfast,1% White Milk (Each),8
poplar tree elementary,Breakfast,Fat Free White Milk (Each),2
poplar tree elementary,Lunch,Fat Free Chocolate Milk (Each),7
poplar tree elementary,Lunch,1% White Milk (Each),2
poplar tree elementary,Lunch,Fat Free White Milk (Each),1
providence elementary,Breakfast,1% White Milk (Each),41
providence elementary,Breakfast,Fat Free White Milk (Each),11
providence elementary,Breakfast,1% Unflavored Shelf-Stable Milk (Each),1
providence elementary,Lunch,Fat Free Chocolate Milk (Each),40
providence elementary,Lunch,1% White Milk (Each),10
providence elementary,Lunch,Fat Free White Milk (Each),4
ravensworth elementary,Breakfast,1% White Milk (Each),9
ravensworth elementary,Breakfast,Fat Free White Milk (Each),2
ravensworth elementary,Lunch,Fat Free Chocolate Milk (Each),9
ravensworth elementary,Lunch,1% White Milk (Each),2
ravensworth elementary,Lunch,Fat Free White Milk (Each),1
riverside elementary,Breakfast,1% White Milk (Each),86
riverside elementary,Breakfast,Fat Free White Milk (Each),23
riverside elementary,Breakfast,1% Unflavored Shelf-Stable Milk (Each),2
riverside elementary,Breakfast,Fat Free Unflavored Shelf-Stable Milk (Each),1
riverside elementary,Breakfast,"Lactose Free, White Milk (Each)",1
riverside elementary,Breakfast,"Milk, Lactose Free,  Fat Free, Shelf-Stable (Each)",1
riverside elementary,Lunch,Fat Free Chocolate Milk (Each),84
riverside elementary,Lunch,1% White Milk (Each),20
riverside elementary,Lunch,Fat Free White Milk (Each),7
riverside elementary,Lunch,1% Unflavored Shelf-Stable Milk (Each),1
robinson secondary,Breakfast,1% White Milk (Each),21
robinson secondary,Breakfast,Fat Free White Milk (Each),6
robinson secondary,Lunch,Fat Free Chocolate Milk (Each),21
robinson secondary,Lunch,1% White Milk (Each),5
robinson secondary,Lunch,Fat Free White Milk (Each),2
rocky run middle,Breakfast,1% White Milk (Each),7
rocky run middle,Breakfast,Fat Free White Milk (Each),2
rocky run middle,Lunch,Fat Free Chocolate Milk (Each),7
rocky run middle,Lunch,1% White Milk (Each),2
rocky run middle,Lunch,Fat Free White Milk (Each),1
rolling valley elementary,Breakfast,1% White Milk (Each),18
rolling valley elementary,Breakfast,Fat Free White Milk (Each),5
rolling valley elementary,Lunch,Fat Free Chocolate Milk (Each),17
rolling valley elementary,Lunch,1% White Milk (Each),4
rolling valley elementary,Lunch,Fat Free White Milk (Each),2
rose hill elementary,Breakfast,1% White Milk (Each),99
rose hill elementary,Breakfast,Fat Free White Milk (Each),26
rose hill elementary,Breakfast,1% Unflavored Shelf-Stable Milk (Each),2
rose hill elementary,Breakfast,Fat Free Unflavored Shelf-Stable Milk (Each),1
rose hill elementary,Breakfast,"Lactose Free, White Milk (Each)",1
rose hill elementary,Breakfast,"Milk, Lactose Free,  Fat Free, Shelf-Stable (Each)",1
rose hill elementary,Lunch,Fat Free Chocolate Milk (Each),97
rose hill elementary,Lunch,1% White Milk (Each),23
rose hill elementary,Lunch,Fat Free White Milk (Each),9
rose hill elementary,Lunch,1% Unflavored Shelf-Stable Milk (Each),1
sandburg middle,Breakfast,1% White Milk (Each),11
sandburg middle,Breakfast,Fat Free White Milk (Each),3
sandburg middle,Lunch,Fat Free Chocolate Milk (Each),10
sandburg middle,Lunch,1% White Milk (Each),2
sandburg middle,Lunch,Fat Free White Milk (Each),1
sangster elementary,Breakfast,1% White Milk (Each),7
sangster elementary,Breakfast,Fat Free White Milk (Each),2
sangster elementary,Lunch,Fat Free Chocolate Milk (Each),7
sangster elementary,Lunch,1% White Milk (Each),2
sangster elementary,Lunch,Fat Free White Milk (Each),1
saratoga elementary,Breakfast,1% White Milk (Each),50
saratoga elementary,Breakfast,Fat Free White Milk (Each),13
saratoga elementary,Breakfast,1% Unflavored Shelf-Stable Milk (Each),1
saratoga elementary,Lunch,Fat Free Chocolate Milk (Each),48
saratoga elementary,Lunch,1% White Milk (Each),12
saratoga elementary,Lunch,Fat Free White Milk (Each),4
shrevewood elementary,Breakfast,1% White Milk (Each),68
shrevewood elementary,Breakfast,Fat Free White Milk (Each),18
shrevewood elementary,Breakfast,1% Unflavored Shelf-Stable Milk (Each),1
shrevewood elementary,Breakfast,"Lactose Free, White Milk (Each)",1
shrevewood elementary,Breakfast,"Milk, Lactose Free,  Fat Free, Shelf-Stable (Each)",1
shrevewood elementary,Lunch,Fat Free Chocolate Milk (Each),66
shrevewood elementary,Lunch,1% White Milk (Each),16
shrevewood elementary,Lunch,Fat Free White Milk (Each),6
silverbrook elementary,Breakfast,1% White Milk (Each),14
silverbrook elementary,Breakfast,Fat Free White Milk (Each),4
silverbrook elementary,Lunch,Fat Free Chocolate Milk (Each),13
silverbrook elementary,Lunch,1% White Milk (Each),3
silverbrook elementary,Lunch,Fat Free White Milk (Each),1
sleepy hollow elementary,Breakfast,1% White Milk (Each),58
sleepy hollow elementary,Breakfast,Fat Free White Milk (Each),15
sleepy hollow elementary,Breakfast,1% Unflavored Shelf-Stable Milk (Each),1
sleepy hollow elementary,Lunch,Fat Free Chocolate Milk (Each),57
sleepy hollow elementary,Lunch,1% White Milk (Each),14
sleepy hollow elementary,Lunch,Fat Free White Milk (Each),5
south county hs,Breakfast,1% White Milk (Each),12
south county hs,Breakfast,Fat Free White Milk (Each),3
south county hs,Lunch,Fat Free Chocolate Milk (Each),12
south county hs,Lunch,1% White Milk (Each),3
south county hs,Lunch,Fat Free White Milk (Each),1
south county middle,Breakfast,1% White Milk (Each),4
south county middle,Breakfast,Fat Free White Milk (Each),1
south county middle,Lunch,Fat Free Chocolate Milk (Each),4
south county middle,Lunch,1% White Milk (Each),1
south lakes high,Breakfast,1% White Milk (Each),31
south lakes high,Breakfast,Fat Free White Milk (Each),8
south lakes high,Breakfast,1% Unflavored Shelf-Stable Milk (Each),1
south lakes high,Lunch,Fat Free Chocolate Milk (Each),31
south lakes high,Lunch,1% White Milk (Each),7
south lakes high,Lunch,Fat Free White Milk (Each),3
spring hill elementary,Breakfast,1% White Milk (Each),31
spring hill elementary,Breakfast,Fat Free White Milk (Each),8
spring hill elementary,Breakfast,1% Unflavored Shelf-Stable Milk (Each),1
spring hill elementary,Lunch,Fat Free Chocolate Milk (Each),31
spring hill elementary,Lunch,1% White Milk (Each),7
spring hill elementary,Lunch,Fat Free White Milk (Each),3
springfield estates elementary,Breakfast,1% White Milk (Each),27
springfield estates elementary,Breakfast,Fat Free White Milk (Each),7
springfield estates elementary,Lunch,Fat Free Chocolate Milk (Each),26
springfield estates elementary,Lunch,1% White Milk (Each),6
springfield estates elementary,Lunch,Fat Free White Milk (Each),2
stenwood elementary,Breakfast,1% White Milk (Each),12
stenwood elementary,Breakfast,Fat Free White Milk (Each),3
stenwood elementary,Lunch,Fat Free Chocolate Milk (Each),12
stenwood elementary,Lunch,1% White Milk (Each),3
stenwood elementary,Lunch,Fat Free White Milk (Each),1
stone middle,Breakfast,1% White Milk (Each),9
stone middle,Breakfast,Fat Free White Milk (Each),2
stone middle,Lunch,Fat Free Chocolate Milk (Each),9
stone middle,Lunch,1% White Milk (Each),2
stone middle,Lunch,Fat Free White Milk (Each),1
stratford landing elementary,Breakfast,1% White Milk (Each),28
stratford landing elementary,Breakfast,Fat Free White Milk (Each),7
stratford landing elementary,Breakfast,1% Unflavored Shelf-Stable Milk (Each),1
stratford landing elementary,Lunch,Fat Free Chocolate Milk (Each),28
stratford landing elementary,Lunch,1% White Milk (Each),7
stratford landing elementary,Lunch,Fat Free White Milk (Each),2
sunrise valley elementary,Breakfast,1% White Milk (Each),8
sunrise valley elementary,Breakfast,Fat Free White Milk (Each),2
sunrise valley elementary,Lunch,Fat Free Chocolate Milk (Each),7
sunrise valley elementary,Lunch,1% White Milk (Each),2
sunrise valley elementary,Lunch,Fat Free White Milk (Each),1
terra centre elementary,Breakfast,1% White Milk (Each),31
terra centre elementary,Breakfast,Fat Free White Milk (Each),8
terra centre elementary,Breakfast,1% Unflavored Shelf-Stable Milk (Each),1
terra centre elementary,Lunch,Fat Free Chocolate Milk (Each),30
terra centre elementary,Lunch,1% White Milk (Each),7
terra centre elementary,Lunch,Fat Free White Milk (Each),3
terraset elementary,Breakfast,1% White Milk (Each),36
terraset elementary,Breakfast,Fat Free White Milk (Each),9
terraset elementary,Breakfast,1% Unflavored Shelf-Stable Milk (Each),1
terraset elementary,Lunch,Fat Free Chocolate Milk (Each),35
terraset elementary,Lunch,1% White Milk (Each),8
terraset elementary,Lunch,Fat Free White Milk (Each),3
timber lane elementary,Breakfast,1% White Milk (Each),73
timber lane elementary,Breakfast,Fat Free White Milk (Each),19
timber lane elementary,Breakfast,1% Unflavored Shelf-Stable Milk (Each),1
timber lane elementary,Breakfast,Fat Free Unflavored Shelf-Stable Milk (Each),1
timber lane elementary,Breakfast,"Lactose Free, White Milk (Each)",1
timber lane elementary,Breakfast,"Milk, Lactose Free,  Fat Free, Shelf-Stable (Each)",1
timber lane elementary,Lunch,Fat Free Chocolate Milk (Each),71
timber lane elementary,Lunch,1% White Milk (Each),17
timber lane elementary,Lunch,Fat Free White Milk (Each),6
twain middle,Breakfast,1% White Milk (Each),6
twain middle,Breakfast,Fat Free White Milk (Each),2
twain middle,Lunch,Fat Free Chocolate Milk (Each),6
twain middle,Lunch,1% White Milk (Each),1
twain middle,Lunch,Fat Free White Milk (Each),1
union mill elementary,Breakfast,1% White Milk (Each),8
union mill elementary,Breakfast,Fat Free White Milk (Each),2
union mill elementary,Lunch,Fat Free Chocolate Milk (Each),8
union mill elementary,Lunch,1% White Milk (Each),2
union mill elementary,Lunch,Fat Free White Milk (Each),1
vienna elementary,Breakfast,1% White Milk (Each),3
vienna elementary,Breakfast,Fat Free White Milk (Each),1
vienna elementary,Lunch,Fat Free Chocolate Milk (Each),3
vienna elementary,Lunch,1% White Milk (Each),1
virginia run elementary,Breakfast,1% White Milk (Each),82
virginia run elementary,Breakfast,Fat Free White Milk (Each),22
virginia run elementary,Breakfast,1% Unflavored Shelf-Stable Milk (Each),2
virginia run elementary,Breakfast,Fat Free Unflavored Shelf-Stable Milk (Each),1
virginia run elementary,Breakfast,"Lactose Free, White Milk (Each)",1
virginia run elementary,Breakfast,"Milk, Lactose Free,  Fat Free, Shelf-Stable (Each)",1
virginia run elementary,Lunch,Fat Free Chocolate Milk (Each),81
virginia run elementary,Lunch,1% White Milk (Each),19
virginia run elementary,Lunch,Fat Free White Milk (Each),7
wakefield forest elementary,Breakfast,1% White Milk (Each),8
wakefield forest elementary,Breakfast,Fat Free White Milk (Each),2
wakefield forest elementary,Lunch,Fat Free Chocolate Milk (Each),7
wakefield forest elementary,Lunch,1% White Milk (Each),2
wakefield forest elementary,Lunch,Fat Free White Milk (Each),1
waples mill elementary,Breakfast,1% White Milk (Each),9
waples mill elementary,Breakfast,Fat Free White Milk (Each),2
waples mill elementary,Lunch,Fat Free Chocolate Milk (Each),9
waples mill elementary,Lunch,1% White Milk (Each),2
waples mill elementary,Lunch,Fat Free White Milk (Each),1
washington mill elementary,Breakfast,1% White Milk (Each),51
washington mill elementary,Breakfast,Fat Free White Milk (Each),14
washington mill elementary,Breakfast,1% Unflavored Shelf-Stable Milk (Each),1
washington mill elementary,Lunch,Fat Free Chocolate Milk (Each),50
washington mill elementary,Lunch,1% White Milk (Each),12
washington mill elementary,Lunch,Fat Free White Milk (Each),4
waynewood elementary,Breakfast,1% White Milk (Each),13
waynewood elementary,Breakfast,Fat Free White Milk (Each),3
waynewood elementary,Lunch,Fat Free Chocolate Milk (Each),13
waynewood elementary,Lunch,1% White Milk (Each),3
waynewood elementary,Lunch,Fat Free White Milk (Each),1
west potomac high,Breakfast,1% White Milk (Each),133
west potomac high,Breakfast,Fat Free White Milk (Each),35
west potomac high,Breakfast,1% Unflavored Shelf-Stable Milk (Each),2
west potomac high,Breakfast,Fat Free Unflavored Shelf-Stable Milk (Each),1
west potomac high,Breakfast,"Lactose Free, White Milk (Each)",1
west potomac high,Breakfast,"Milk, Lactose Free,  Fat Free, Shelf-Stable (Each)",1
west potomac high,Lunch,Fat Free Chocolate Milk (Each),130
west potomac high,Lunch,1% White Milk (Each),31
west potomac high,Lunch,Fat Free White Milk (Each),11
west potomac high,Lunch,1% Unflavored Shelf-Stable Milk (Each),1
west springfield elementary,Breakfast,1% White Milk (Each),2
west springfield elementary,Breakfast,Fat Free White Milk (Each),1
west springfield elementary,Lunch,Fat Free Chocolate Milk (Each),2
west springfield elementary,Lunch,1% White Milk (Each),1
west springfield high,Breakfast,1% White Milk (Each),22
west springfield high,Breakfast,Fat Free White Milk (Each),6
west springfield high,Lunch,Fat Free Chocolate Milk (Each),22
west springfield high,Lunch,1% White Milk (Each),5
west springfield high,Lunch,Fat Free White Milk (Each),2
westbriar elementary,Breakfast,1% White Milk (Each),8
westbriar elementary,Breakfast,Fat Free White Milk (Each),2
westbriar elementary,Lunch,Fat Free Chocolate Milk (Each),7
westbriar elementary,Lunch,1% White Milk (Each),2
westbriar elementary,Lunch,Fat Free White Milk (Each),1
westfield hs,Breakfast,1% White Milk (Each),34
westfield hs,Breakfast,Fat Free White Milk (Each),9
westfield hs,Breakfast,1% Unflavored Shelf-Stable Milk (Each),1
westfield hs,Lunch,Fat Free Chocolate Milk (Each),33
westfield hs,Lunch,1% White Milk (Each),8
westfield hs,Lunch,Fat Free White Milk (Each),3
westgate elementary,Breakfast,1% White Milk (Each),27
westgate elementary,Breakfast,Fat Free White Milk (Each),7
westgate elementary,Breakfast,1% Unflavored Shelf-Stable Milk (Each),1
westgate elementary,Lunch,Fat Free Chocolate Milk (Each),27
westgate elementary,Lunch,1% White Milk (Each),6
westgate elementary,Lunch,Fat Free White Milk (Each),2
westlawn elementary,Breakfast,1% White Milk (Each),56
westlawn elementary,Breakfast,Fat Free White Milk (Each),15
westlawn elementary,Breakfast,1% Unflavored Shelf-Stable Milk (Each),1
westlawn elementary,Lunch,Fat Free Chocolate Milk (Each),54
westlawn elementary,Lunch,1% White Milk (Each),13
westlawn elementary,Lunch,Fat Free White Milk (Each),5
weyanoke elementary,Breakfast,1% White Milk (Each),85
weyanoke elementary,Breakfast,Fat Free White Milk (Each),22
weyanoke elementary,Breakfast,1% Unflavored Shelf-Stable Milk (Each),2
weyanoke elementary,Breakfast,Fat Free Unflavored Shelf-Stable Milk (Each),1
weyanoke elementary,Breakfast,"Lactose Free, White Milk (Each)",1
weyanoke elementary,Breakfast,"Milk, Lactose Free,  Fat Free, Shelf-Stable (Each)",1
weyanoke elementary,Lunch,Fat Free Chocolate Milk (Each),83
weyanoke elementary,Lunch,1% White Milk (Each),20
weyanoke elementary,Lunch,Fat Free White Milk (Each),7
weyanoke elementary,Lunch,1% Unflavored Shelf-Stable Milk (Each),1
white oaks elementary,Breakfast,1% White Milk (Each),30
white oaks elementary,Breakfast,Fat Free White Milk (Each),8
white oaks elementary,Breakfast,1% Unflavored Shelf-Stable Milk (Each),1
white oaks elementary,Lunch,Fat Free Chocolate Milk (Each),29
white oaks elementary,Lunch,1% White Milk (Each),7
white oaks elementary,Lunch,Fat Free White Milk (Each),3
whitman middle school,Breakfast,1% White Milk (Each),13
whitman middle school,Breakfast,Fat Free White Milk (Each),3
whitman middle school,Lunch,Fat Free Chocolate Milk (Each),13
whitman middle school,Lunch,1% White Milk (Each),3
whitman middle school,Lunch,Fat Free White Milk (Each),1
willow springs elementary,Breakfast,1% White Milk (Each),16
willow springs elementary,Breakfast,Fat Free White Milk (Each),4
willow springs elementary,Lunch,Fat Free Chocolate Milk (Each),16
willow springs elementary,Lunch,1% White Milk (Each),4
willow springs elementary,Lunch,Fat Free White Milk (Each),1
wolftrap elementary,Breakfast,1% White Milk (Each),8
wolftrap elementary,Breakfast,Fat Free White Milk (Each),2
wolftrap elementary,Lunch,Fat Free Chocolate Milk (Each),7
wolftrap elementary,Lunch,1% White Milk (Each),2
wolftrap elementary,Lunch,Fat Free White Milk (Each),1
woodburn elementary,Breakfast,1% White Milk (Each),76
woodburn elementary,Breakfast,Fat Free White Milk (Each),20
woodburn elementary,Breakfast,1% Unflavored Shelf-Stable Milk (Each),1
woodburn elementary,Breakfast,Fat Free Unflavored Shelf-Stable Milk (Each),1
woodburn elementary,Breakfast,"Lactose Free, White Milk (Each)",1
woodburn elementary,Breakfast,"Milk, Lactose Free,  Fat Free, Shelf-Stable (Each)",1
woodburn elementary,Lunch,Fat Free Chocolate Milk (Each),75
woodburn elementary,Lunch,1% White Milk (Each),18
woodburn elementary,Lunch,Fat Free White Milk (Each),7
woodlawn elementary,Breakfast,1% White Milk (Each),62
woodlawn elementary,Breakfast,Fat Free White Milk (Each),16
woodlawn elementary,Breakfast,1% Unflavored Shelf-Stable Milk (Each),1
woodlawn elementary,Breakfast,"Lactose Free, White Milk (Each)",1
woodlawn elementary,Breakfast,"Milk, Lactose Free,  Fat Free, Shelf-Stable (Each)",1
woodlawn elementary,Lunch,Fat Free Chocolate Milk (Each),60
woodlawn elementary,Lunch,1% White Milk (Each),14
woodlawn elementary,Lunch,Fat Free White Milk (Each),5
woodley hills elementary,Breakfast,1% White Milk (Each),63
woodley hills elementary,Breakfast,Fat Free White Milk (Each),17
woodley hills elementary,Breakfast,1% Unflavored Shelf-Stable Milk (Each),1
woodley hills elementary,Breakfast,"Lactose Free, White Milk (Each)",1
woodley hills elementary,Breakfast,"Milk, Lactose Free,  Fat Free, Shelf-Stable (Each)",1
woodley hills elementary,Lunch,Fat Free Chocolate Milk (Each),61
woodley hills elementary,Lunch,1% White Milk (Each),15
woodley hills elementary,Lunch,Fat Free White Milk (Each),5
woodson high,Breakfast,1% White Milk (Each),18
woodson high,Breakfast,Fat Free White Milk (Each),5
woodson high,Lunch,Fat Free Chocolate Milk (Each),18
woodson high,Lunch,1% White Milk (Each),4
woodson high,Lunch,Fat Free White Milk (Each),2
